DROP TABLE IF EXISTS administrador;

CREATE TABLE `administrador` (
  `IdAdm` int(10) unsigned NOT NULL AUTO_INCREMENT,
  `Nome` varchar(49) COLLATE latin1_general_ci NOT NULL,
  `Senha` varchar(33) CHARACTER SET latin1 COLLATE latin1_general_cs NOT NULL,
  PRIMARY KEY (`IdAdm`)
) ENGINE=InnoDB AUTO_INCREMENT=7 DEFAULT CHARSET=latin1 COLLATE=latin1_general_ci;

INSERT INTO administrador VALUES("6","Admin","admin");


DROP TABLE IF EXISTS caderneta;

CREATE TABLE `caderneta` (
  `id_caderneta` int(20) NOT NULL AUTO_INCREMENT,
  `status_caderneta` varchar(10) COLLATE latin1_general_ci NOT NULL,
  `data_abertura` date NOT NULL,
  `id_cliente` int(10) NOT NULL,
  `data_fechamento` date DEFAULT NULL,
  PRIMARY KEY (`id_caderneta`)
) ENGINE=MyISAM AUTO_INCREMENT=337 DEFAULT CHARSET=latin1 COLLATE=latin1_general_ci;

INSERT INTO caderneta VALUES("29","fechada","2020-10-20","3","2020-10-20");
INSERT INTO caderneta VALUES("25","fechada","2020-10-03","1","2020-10-03");
INSERT INTO caderneta VALUES("26","fechada","2020-10-19","1","2020-10-20");
INSERT INTO caderneta VALUES("27","fechada","2020-10-20","1","2020-10-21");
INSERT INTO caderneta VALUES("21","fechada","2020-09-27","2","2020-10-20");
INSERT INTO caderneta VALUES("23","fechada","2020-09-27","1","2020-10-03");
INSERT INTO caderneta VALUES("30","fechada","2020-10-21","1","2020-10-21");
INSERT INTO caderneta VALUES("31","fechada","2020-10-21","1","2020-10-28");
INSERT INTO caderneta VALUES("33","fechada","2020-10-21","11","2020-10-21");
INSERT INTO caderneta VALUES("34","aberta","2020-10-21","11",NULL);
INSERT INTO caderneta VALUES("35","fechada","2020-10-21","2","2020-10-21");
INSERT INTO caderneta VALUES("36","aberta","2020-10-21","2",NULL);
INSERT INTO caderneta VALUES("37","fechada","2020-10-28","13","2020-10-28");
INSERT INTO caderneta VALUES("38","aberta","2020-10-28","13",NULL);
INSERT INTO caderneta VALUES("39","fechada","2020-10-28","1","2020-10-28");
INSERT INTO caderneta VALUES("40","fechada","2020-10-28","1","2020-10-28");
INSERT INTO caderneta VALUES("41","aberta","2020-10-28","1",NULL);
INSERT INTO caderneta VALUES("42","aberta","2020-11-30","15",NULL);
INSERT INTO caderneta VALUES("43","aberta","2020-12-01","16",NULL);
INSERT INTO caderneta VALUES("44","aberta","2020-12-01","17",NULL);
INSERT INTO caderneta VALUES("45","aberta","2020-12-01","18",NULL);
INSERT INTO caderneta VALUES("46","aberta","2020-12-01","19",NULL);
INSERT INTO caderneta VALUES("47","aberta","2020-12-01","20",NULL);
INSERT INTO caderneta VALUES("48","aberta","2020-12-01","21",NULL);
INSERT INTO caderneta VALUES("49","aberta","2020-12-01","22",NULL);
INSERT INTO caderneta VALUES("50","aberta","2020-12-01","23",NULL);
INSERT INTO caderneta VALUES("51","aberta","2020-12-01","24",NULL);
INSERT INTO caderneta VALUES("52","aberta","2020-12-01","25",NULL);
INSERT INTO caderneta VALUES("53","aberta","2020-12-01","26",NULL);
INSERT INTO caderneta VALUES("54","aberta","2020-12-01","27",NULL);
INSERT INTO caderneta VALUES("55","fechada","2020-12-01","28","2020-12-04");
INSERT INTO caderneta VALUES("56","aberta","2020-12-01","29",NULL);
INSERT INTO caderneta VALUES("57","aberta","2020-12-01","30",NULL);
INSERT INTO caderneta VALUES("58","fechada","2020-12-01","31","2020-12-03");
INSERT INTO caderneta VALUES("59","aberta","2020-12-01","32",NULL);
INSERT INTO caderneta VALUES("60","fechada","2020-12-01","33","2020-12-02");
INSERT INTO caderneta VALUES("61","aberta","2020-12-01","34",NULL);
INSERT INTO caderneta VALUES("62","aberta","2020-12-01","35",NULL);
INSERT INTO caderneta VALUES("63","aberta","2020-12-01","36",NULL);
INSERT INTO caderneta VALUES("64","aberta","2020-12-01","37",NULL);
INSERT INTO caderneta VALUES("65","aberta","2020-12-01","38",NULL);
INSERT INTO caderneta VALUES("66","aberta","2020-12-01","39",NULL);
INSERT INTO caderneta VALUES("67","aberta","2020-12-01","40",NULL);
INSERT INTO caderneta VALUES("68","aberta","2020-12-01","41",NULL);
INSERT INTO caderneta VALUES("69","aberta","2020-12-01","42",NULL);
INSERT INTO caderneta VALUES("70","aberta","2020-12-01","43",NULL);
INSERT INTO caderneta VALUES("71","fechada","2020-12-01","44","2020-12-03");
INSERT INTO caderneta VALUES("72","aberta","2020-12-01","45",NULL);
INSERT INTO caderneta VALUES("73","aberta","2020-12-01","46",NULL);
INSERT INTO caderneta VALUES("74","aberta","2020-12-01","47",NULL);
INSERT INTO caderneta VALUES("75","aberta","2020-12-01","48",NULL);
INSERT INTO caderneta VALUES("76","aberta","2020-12-01","49",NULL);
INSERT INTO caderneta VALUES("77","aberta","2020-12-01","50",NULL);
INSERT INTO caderneta VALUES("78","aberta","2020-12-01","51",NULL);
INSERT INTO caderneta VALUES("79","aberta","2020-12-01","52",NULL);
INSERT INTO caderneta VALUES("80","fechada","2020-12-01","53","2020-12-03");
INSERT INTO caderneta VALUES("81","aberta","2020-12-01","54",NULL);
INSERT INTO caderneta VALUES("82","fechada","2020-12-01","55","2020-12-01");
INSERT INTO caderneta VALUES("83","aberta","2020-12-01","56",NULL);
INSERT INTO caderneta VALUES("84","fechada","2020-12-01","57","2020-12-04");
INSERT INTO caderneta VALUES("85","aberta","2020-12-01","58",NULL);
INSERT INTO caderneta VALUES("86","aberta","2020-12-01","55",NULL);
INSERT INTO caderneta VALUES("87","aberta","2020-12-01","59",NULL);
INSERT INTO caderneta VALUES("88","aberta","2020-12-02","60",NULL);
INSERT INTO caderneta VALUES("89","aberta","2020-12-02","61",NULL);
INSERT INTO caderneta VALUES("90","fechada","2020-12-02","62","2020-12-03");
INSERT INTO caderneta VALUES("91","aberta","2020-12-02","63",NULL);
INSERT INTO caderneta VALUES("92","aberta","2020-12-02","64",NULL);
INSERT INTO caderneta VALUES("93","aberta","2020-12-02","65",NULL);
INSERT INTO caderneta VALUES("94","aberta","2020-12-02","66",NULL);
INSERT INTO caderneta VALUES("95","aberta","2020-12-02","67",NULL);
INSERT INTO caderneta VALUES("96","aberta","2020-12-02","68",NULL);
INSERT INTO caderneta VALUES("97","aberta","2020-12-02","69",NULL);
INSERT INTO caderneta VALUES("98","aberta","2020-12-02","70",NULL);
INSERT INTO caderneta VALUES("99","aberta","2020-12-02","71",NULL);
INSERT INTO caderneta VALUES("100","aberta","2020-12-02","72",NULL);
INSERT INTO caderneta VALUES("101","aberta","2020-12-02","73",NULL);
INSERT INTO caderneta VALUES("102","aberta","2020-12-02","74",NULL);
INSERT INTO caderneta VALUES("103","aberta","2020-12-02","75",NULL);
INSERT INTO caderneta VALUES("104","aberta","2020-12-02","76",NULL);
INSERT INTO caderneta VALUES("105","aberta","2020-12-02","77",NULL);
INSERT INTO caderneta VALUES("106","aberta","2020-12-02","78",NULL);
INSERT INTO caderneta VALUES("107","aberta","2020-12-02","79",NULL);
INSERT INTO caderneta VALUES("108","aberta","2020-12-02","81",NULL);
INSERT INTO caderneta VALUES("109","fechada","2020-12-02","82","2020-12-04");
INSERT INTO caderneta VALUES("110","aberta","2020-12-02","84",NULL);
INSERT INTO caderneta VALUES("111","aberta","2020-12-02","85",NULL);
INSERT INTO caderneta VALUES("112","aberta","2020-12-02","86",NULL);
INSERT INTO caderneta VALUES("113","aberta","2020-12-02","87",NULL);
INSERT INTO caderneta VALUES("114","aberta","2020-12-02","88",NULL);
INSERT INTO caderneta VALUES("115","aberta","2020-12-02","89",NULL);
INSERT INTO caderneta VALUES("116","aberta","2020-12-02","90",NULL);
INSERT INTO caderneta VALUES("117","aberta","2020-12-02","91",NULL);
INSERT INTO caderneta VALUES("118","aberta","2020-12-02","92",NULL);
INSERT INTO caderneta VALUES("119","aberta","2020-12-02","93",NULL);
INSERT INTO caderneta VALUES("120","aberta","2020-12-02","94",NULL);
INSERT INTO caderneta VALUES("121","aberta","2020-12-02","95",NULL);
INSERT INTO caderneta VALUES("122","aberta","2020-12-03","31",NULL);
INSERT INTO caderneta VALUES("123","aberta","2020-12-03","98",NULL);
INSERT INTO caderneta VALUES("124","aberta","2020-12-03","99",NULL);
INSERT INTO caderneta VALUES("125","aberta","2020-12-03","100",NULL);
INSERT INTO caderneta VALUES("126","aberta","2020-12-03","101",NULL);
INSERT INTO caderneta VALUES("127","aberta","2020-12-03","102",NULL);
INSERT INTO caderneta VALUES("128","aberta","2020-12-03","103",NULL);
INSERT INTO caderneta VALUES("129","aberta","2020-12-03","104",NULL);
INSERT INTO caderneta VALUES("130","aberta","2020-12-03","105",NULL);
INSERT INTO caderneta VALUES("131","aberta","2020-12-03","106",NULL);
INSERT INTO caderneta VALUES("132","aberta","2020-12-03","107",NULL);
INSERT INTO caderneta VALUES("133","aberta","2020-12-03","108",NULL);
INSERT INTO caderneta VALUES("134","aberta","2020-12-03","109",NULL);
INSERT INTO caderneta VALUES("135","aberta","2020-12-03","110",NULL);
INSERT INTO caderneta VALUES("136","aberta","2020-12-03","111",NULL);
INSERT INTO caderneta VALUES("137","aberta","2020-12-03","112",NULL);
INSERT INTO caderneta VALUES("138","aberta","2020-12-03","113",NULL);
INSERT INTO caderneta VALUES("139","aberta","2020-12-03","114",NULL);
INSERT INTO caderneta VALUES("140","aberta","2020-12-03","115",NULL);
INSERT INTO caderneta VALUES("141","aberta","2020-12-03","116",NULL);
INSERT INTO caderneta VALUES("142","aberta","2020-12-03","117",NULL);
INSERT INTO caderneta VALUES("143","aberta","2020-12-03","118",NULL);
INSERT INTO caderneta VALUES("144","aberta","2020-12-03","119",NULL);
INSERT INTO caderneta VALUES("145","aberta","2020-12-03","120",NULL);
INSERT INTO caderneta VALUES("146","aberta","2020-12-03","121",NULL);
INSERT INTO caderneta VALUES("147","aberta","2020-12-03","122",NULL);
INSERT INTO caderneta VALUES("148","aberta","2020-12-03","123",NULL);
INSERT INTO caderneta VALUES("149","aberta","2020-12-03","124",NULL);
INSERT INTO caderneta VALUES("150","aberta","2020-12-03","125",NULL);
INSERT INTO caderneta VALUES("151","aberta","2020-12-03","126",NULL);
INSERT INTO caderneta VALUES("152","aberta","2020-12-03","127",NULL);
INSERT INTO caderneta VALUES("153","aberta","2020-12-03","128",NULL);
INSERT INTO caderneta VALUES("154","aberta","2020-12-03","129",NULL);
INSERT INTO caderneta VALUES("155","aberta","2020-12-03","130",NULL);
INSERT INTO caderneta VALUES("156","aberta","2020-12-03","131",NULL);
INSERT INTO caderneta VALUES("157","aberta","2020-12-03","132",NULL);
INSERT INTO caderneta VALUES("158","aberta","2020-12-03","133",NULL);
INSERT INTO caderneta VALUES("159","aberta","2020-12-03","134",NULL);
INSERT INTO caderneta VALUES("160","aberta","2020-12-03","135",NULL);
INSERT INTO caderneta VALUES("161","aberta","2020-12-03","136",NULL);
INSERT INTO caderneta VALUES("162","aberta","2020-12-04","57",NULL);
INSERT INTO caderneta VALUES("163","aberta","2020-12-04","82",NULL);
INSERT INTO caderneta VALUES("164","aberta","2020-12-04","97",NULL);
INSERT INTO caderneta VALUES("165","aberta","2020-12-04","137",NULL);
INSERT INTO caderneta VALUES("166","aberta","2020-12-07","139",NULL);
INSERT INTO caderneta VALUES("167","aberta","2020-12-07","140",NULL);
INSERT INTO caderneta VALUES("168","aberta","2020-12-07","141",NULL);
INSERT INTO caderneta VALUES("169","aberta","2020-12-07","142",NULL);
INSERT INTO caderneta VALUES("170","aberta","2020-12-07","143",NULL);
INSERT INTO caderneta VALUES("171","aberta","2020-12-07","144",NULL);
INSERT INTO caderneta VALUES("172","aberta","2020-12-07","145",NULL);
INSERT INTO caderneta VALUES("173","aberta","2020-12-07","146",NULL);
INSERT INTO caderneta VALUES("174","aberta","2020-12-07","147",NULL);
INSERT INTO caderneta VALUES("175","aberta","2020-12-07","148",NULL);
INSERT INTO caderneta VALUES("176","aberta","2020-12-07","149",NULL);
INSERT INTO caderneta VALUES("177","aberta","2020-12-07","150",NULL);
INSERT INTO caderneta VALUES("178","aberta","2020-12-07","151",NULL);
INSERT INTO caderneta VALUES("179","fechada","2020-12-07","152","2020-12-08");
INSERT INTO caderneta VALUES("180","aberta","2020-10-07","153",NULL);
INSERT INTO caderneta VALUES("181","aberta","2020-12-07","154",NULL);
INSERT INTO caderneta VALUES("182","aberta","2020-12-07","155",NULL);
INSERT INTO caderneta VALUES("183","aberta","2020-12-07","156",NULL);
INSERT INTO caderneta VALUES("184","aberta","2020-12-07","157",NULL);
INSERT INTO caderneta VALUES("185","aberta","2020-12-07","158",NULL);
INSERT INTO caderneta VALUES("186","aberta","2020-12-07","159",NULL);
INSERT INTO caderneta VALUES("187","aberta","2020-12-07","160",NULL);
INSERT INTO caderneta VALUES("188","aberta","2020-12-07","161",NULL);
INSERT INTO caderneta VALUES("189","aberta","2020-12-07","162",NULL);
INSERT INTO caderneta VALUES("190","aberta","2020-12-07","163",NULL);
INSERT INTO caderneta VALUES("191","aberta","2020-12-07","164",NULL);
INSERT INTO caderneta VALUES("192","aberta","2020-12-07","165",NULL);
INSERT INTO caderneta VALUES("193","aberta","2020-12-07","166",NULL);
INSERT INTO caderneta VALUES("194","aberta","2020-12-07","167",NULL);
INSERT INTO caderneta VALUES("195","aberta","2020-12-07","168",NULL);
INSERT INTO caderneta VALUES("196","aberta","2020-12-07","169",NULL);
INSERT INTO caderneta VALUES("197","aberta","2020-12-07","170",NULL);
INSERT INTO caderneta VALUES("198","aberta","2020-12-07","171",NULL);
INSERT INTO caderneta VALUES("199","aberta","2020-12-07","172",NULL);
INSERT INTO caderneta VALUES("200","aberta","2020-12-07","173",NULL);
INSERT INTO caderneta VALUES("201","aberta","2020-12-07","174",NULL);
INSERT INTO caderneta VALUES("202","aberta","2020-12-07","175",NULL);
INSERT INTO caderneta VALUES("203","aberta","2020-12-07","176",NULL);
INSERT INTO caderneta VALUES("204","aberta","2020-12-07","177",NULL);
INSERT INTO caderneta VALUES("205","aberta","2020-12-07","178",NULL);
INSERT INTO caderneta VALUES("206","aberta","2020-12-07","179",NULL);
INSERT INTO caderneta VALUES("207","aberta","2020-12-07","180",NULL);
INSERT INTO caderneta VALUES("208","aberta","2020-12-07","181",NULL);
INSERT INTO caderneta VALUES("209","aberta","2020-12-07","182",NULL);
INSERT INTO caderneta VALUES("210","aberta","2020-12-07","183",NULL);
INSERT INTO caderneta VALUES("211","aberta","2020-12-07","184",NULL);
INSERT INTO caderneta VALUES("212","aberta","2020-12-07","185",NULL);
INSERT INTO caderneta VALUES("213","aberta","2020-12-07","186",NULL);
INSERT INTO caderneta VALUES("214","aberta","2020-12-07","187",NULL);
INSERT INTO caderneta VALUES("215","aberta","2020-12-07","188",NULL);
INSERT INTO caderneta VALUES("216","aberta","2020-12-07","189",NULL);
INSERT INTO caderneta VALUES("217","fechada","2020-12-07","190","2020-12-08");
INSERT INTO caderneta VALUES("218","aberta","2020-12-07","191",NULL);
INSERT INTO caderneta VALUES("219","aberta","2020-12-07","192",NULL);
INSERT INTO caderneta VALUES("220","aberta","2020-12-07","193",NULL);
INSERT INTO caderneta VALUES("221","aberta","2020-12-07","194",NULL);
INSERT INTO caderneta VALUES("222","aberta","2020-12-07","195",NULL);
INSERT INTO caderneta VALUES("223","aberta","2020-12-07","196",NULL);
INSERT INTO caderneta VALUES("224","aberta","2020-12-07","197",NULL);
INSERT INTO caderneta VALUES("225","aberta","2020-12-07","198",NULL);
INSERT INTO caderneta VALUES("226","aberta","2020-12-07","199",NULL);
INSERT INTO caderneta VALUES("227","aberta","2020-12-07","200",NULL);
INSERT INTO caderneta VALUES("228","aberta","2020-12-07","201",NULL);
INSERT INTO caderneta VALUES("229","aberta","2020-12-07","202",NULL);
INSERT INTO caderneta VALUES("230","aberta","2020-12-07","203",NULL);
INSERT INTO caderneta VALUES("231","aberta","2020-12-07","204",NULL);
INSERT INTO caderneta VALUES("232","aberta","2020-12-07","205",NULL);
INSERT INTO caderneta VALUES("233","aberta","2020-12-07","206",NULL);
INSERT INTO caderneta VALUES("234","aberta","2020-12-07","207",NULL);
INSERT INTO caderneta VALUES("235","aberta","2020-12-07","208",NULL);
INSERT INTO caderneta VALUES("236","aberta","2020-12-07","209",NULL);
INSERT INTO caderneta VALUES("237","aberta","2020-12-07","210",NULL);
INSERT INTO caderneta VALUES("238","aberta","2020-12-07","211",NULL);
INSERT INTO caderneta VALUES("239","aberta","2020-12-07","212",NULL);
INSERT INTO caderneta VALUES("240","aberta","2020-12-07","213",NULL);
INSERT INTO caderneta VALUES("241","aberta","2020-12-07","214",NULL);
INSERT INTO caderneta VALUES("242","aberta","2020-12-07","215",NULL);
INSERT INTO caderneta VALUES("243","aberta","2020-12-07","216",NULL);
INSERT INTO caderneta VALUES("244","aberta","2020-12-07","217",NULL);
INSERT INTO caderneta VALUES("245","aberta","2020-12-07","218",NULL);
INSERT INTO caderneta VALUES("246","aberta","2020-12-07","219",NULL);
INSERT INTO caderneta VALUES("247","aberta","2020-12-07","220",NULL);
INSERT INTO caderneta VALUES("248","aberta","2020-12-07","221",NULL);
INSERT INTO caderneta VALUES("249","aberta","2020-12-07","222",NULL);
INSERT INTO caderneta VALUES("250","aberta","2020-12-07","223",NULL);
INSERT INTO caderneta VALUES("251","aberta","2020-12-07","224",NULL);
INSERT INTO caderneta VALUES("252","aberta","2020-12-07","225",NULL);
INSERT INTO caderneta VALUES("253","aberta","2020-12-07","226",NULL);
INSERT INTO caderneta VALUES("254","aberta","2020-12-07","227",NULL);
INSERT INTO caderneta VALUES("255","aberta","2020-12-07","228",NULL);
INSERT INTO caderneta VALUES("256","aberta","2020-12-07","229",NULL);
INSERT INTO caderneta VALUES("257","aberta","2020-12-07","230",NULL);
INSERT INTO caderneta VALUES("258","aberta","2020-12-07","231",NULL);
INSERT INTO caderneta VALUES("259","aberta","2020-12-07","232",NULL);
INSERT INTO caderneta VALUES("260","aberta","2020-12-07","233",NULL);
INSERT INTO caderneta VALUES("261","aberta","2020-12-07","234",NULL);
INSERT INTO caderneta VALUES("262","aberta","2020-12-07","235",NULL);
INSERT INTO caderneta VALUES("263","aberta","2020-12-07","236",NULL);
INSERT INTO caderneta VALUES("264","aberta","2020-12-07","237",NULL);
INSERT INTO caderneta VALUES("265","aberta","2020-12-07","238",NULL);
INSERT INTO caderneta VALUES("266","aberta","2020-12-07","239",NULL);
INSERT INTO caderneta VALUES("267","aberta","2020-12-07","240",NULL);
INSERT INTO caderneta VALUES("268","aberta","2020-12-07","241",NULL);
INSERT INTO caderneta VALUES("269","aberta","2020-12-07","242",NULL);
INSERT INTO caderneta VALUES("270","aberta","2020-12-07","243",NULL);
INSERT INTO caderneta VALUES("271","aberta","2020-12-07","244",NULL);
INSERT INTO caderneta VALUES("272","aberta","2020-12-07","245",NULL);
INSERT INTO caderneta VALUES("273","aberta","2020-12-07","246",NULL);
INSERT INTO caderneta VALUES("274","aberta","2020-12-07","247",NULL);
INSERT INTO caderneta VALUES("275","aberta","2020-12-07","248",NULL);
INSERT INTO caderneta VALUES("276","aberta","2020-12-07","249",NULL);
INSERT INTO caderneta VALUES("277","aberta","2020-12-07","250",NULL);
INSERT INTO caderneta VALUES("278","aberta","2020-12-07","251",NULL);
INSERT INTO caderneta VALUES("279","aberta","2020-12-07","252",NULL);
INSERT INTO caderneta VALUES("280","aberta","2020-12-07","253",NULL);
INSERT INTO caderneta VALUES("281","aberta","2020-12-07","254",NULL);
INSERT INTO caderneta VALUES("282","aberta","2020-12-07","255",NULL);
INSERT INTO caderneta VALUES("283","aberta","2020-12-07","256",NULL);
INSERT INTO caderneta VALUES("284","aberta","2020-12-07","257",NULL);
INSERT INTO caderneta VALUES("285","aberta","2020-12-07","258",NULL);
INSERT INTO caderneta VALUES("286","aberta","2020-12-07","259",NULL);
INSERT INTO caderneta VALUES("287","aberta","2020-12-07","260",NULL);
INSERT INTO caderneta VALUES("288","fechada","2020-12-07","261","2020-12-08");
INSERT INTO caderneta VALUES("289","aberta","2020-12-07","262",NULL);
INSERT INTO caderneta VALUES("290","aberta","2020-12-07","263",NULL);
INSERT INTO caderneta VALUES("291","aberta","2020-12-07","264",NULL);
INSERT INTO caderneta VALUES("292","aberta","2020-12-07","265",NULL);
INSERT INTO caderneta VALUES("293","aberta","2020-12-07","266",NULL);
INSERT INTO caderneta VALUES("294","aberta","2020-12-07","267",NULL);
INSERT INTO caderneta VALUES("295","fechada","2020-12-07","268","2020-12-08");
INSERT INTO caderneta VALUES("296","aberta","2020-12-07","269",NULL);
INSERT INTO caderneta VALUES("297","aberta","2020-12-07","270",NULL);
INSERT INTO caderneta VALUES("298","aberta","2020-12-07","271",NULL);
INSERT INTO caderneta VALUES("299","aberta","2020-12-07","272",NULL);
INSERT INTO caderneta VALUES("300","aberta","2020-12-07","273",NULL);
INSERT INTO caderneta VALUES("301","aberta","2020-12-07","274",NULL);
INSERT INTO caderneta VALUES("302","aberta","2020-12-07","275",NULL);
INSERT INTO caderneta VALUES("303","aberta","2020-12-07","276",NULL);
INSERT INTO caderneta VALUES("304","aberta","2020-12-07","277",NULL);
INSERT INTO caderneta VALUES("305","aberta","2020-12-07","278",NULL);
INSERT INTO caderneta VALUES("306","aberta","2020-12-07","279",NULL);
INSERT INTO caderneta VALUES("307","aberta","2020-12-07","280",NULL);
INSERT INTO caderneta VALUES("308","aberta","2020-12-07","281",NULL);
INSERT INTO caderneta VALUES("309","aberta","2020-12-07","282",NULL);
INSERT INTO caderneta VALUES("310","aberta","2020-12-07","283",NULL);
INSERT INTO caderneta VALUES("311","aberta","2020-12-07","284",NULL);
INSERT INTO caderneta VALUES("312","aberta","2020-12-07","285",NULL);
INSERT INTO caderneta VALUES("313","aberta","2020-12-07","286",NULL);
INSERT INTO caderneta VALUES("314","aberta","2020-12-07","287",NULL);
INSERT INTO caderneta VALUES("315","aberta","2020-12-07","288",NULL);
INSERT INTO caderneta VALUES("316","aberta","2020-12-07","289",NULL);
INSERT INTO caderneta VALUES("317","aberta","2020-12-07","290",NULL);
INSERT INTO caderneta VALUES("318","aberta","2020-12-07","291",NULL);
INSERT INTO caderneta VALUES("319","aberta","2020-12-07","292",NULL);
INSERT INTO caderneta VALUES("320","aberta","2020-12-07","293",NULL);
INSERT INTO caderneta VALUES("321","aberta","2020-12-07","294",NULL);
INSERT INTO caderneta VALUES("322","aberta","2020-12-07","295",NULL);
INSERT INTO caderneta VALUES("323","fechada","2020-12-07","296","2020-12-08");
INSERT INTO caderneta VALUES("324","aberta","2020-12-07","297",NULL);
INSERT INTO caderneta VALUES("325","fechada","2020-12-07","298","2020-12-07");
INSERT INTO caderneta VALUES("326","aberta","2020-12-07","299",NULL);
INSERT INTO caderneta VALUES("327","aberta","2020-12-07","300",NULL);
INSERT INTO caderneta VALUES("328","aberta","2020-12-07","298",NULL);
INSERT INTO caderneta VALUES("329","aberta","2020-12-08","268",NULL);
INSERT INTO caderneta VALUES("330","aberta","2020-12-08","152",NULL);
INSERT INTO caderneta VALUES("331","aberta","2020-12-08","301",NULL);
INSERT INTO caderneta VALUES("332","aberta","2020-12-08","190",NULL);
INSERT INTO caderneta VALUES("333","aberta","2020-12-08","302",NULL);
INSERT INTO caderneta VALUES("334","aberta","2020-12-08","296",NULL);
INSERT INTO caderneta VALUES("335","aberta","2020-12-08","303",NULL);
INSERT INTO caderneta VALUES("336","fechada","2020-12-08","304","2020-12-11");


DROP TABLE IF EXISTS caixa;

CREATE TABLE `caixa` (
  `id_dia` int(11) NOT NULL AUTO_INCREMENT,
  `valor` float NOT NULL,
  `data_fechamento` date NOT NULL,
  PRIMARY KEY (`id_dia`)
) ENGINE=InnoDB AUTO_INCREMENT=5 DEFAULT CHARSET=latin1 COLLATE=latin1_general_ci;

INSERT INTO caixa VALUES("2","650","2020-11-12");
INSERT INTO caixa VALUES("4","1200","2020-11-29");


DROP TABLE IF EXISTS cliente;

CREATE TABLE `cliente` (
  `id_cliente` int(10) NOT NULL AUTO_INCREMENT,
  `nome_cliente` varchar(110) COLLATE latin1_general_ci NOT NULL,
  `cpf_cliente` varchar(30) COLLATE latin1_general_ci NOT NULL,
  `telefone_cliente` varchar(25) COLLATE latin1_general_ci NOT NULL,
  `endereco_cliente` varchar(110) COLLATE latin1_general_ci NOT NULL,
  PRIMARY KEY (`id_cliente`)
) ENGINE=MyISAM AUTO_INCREMENT=305 DEFAULT CHARSET=latin1 COLLATE=latin1_general_ci;

INSERT INTO cliente VALUES("231","Maurino ( Barra )","000.000.000-00","(00) 00000-0000","S/ Endereco");
INSERT INTO cliente VALUES("230","Maria Antonia ( Alagadiço )","000.000.000-00","(00) 00000-0000","S/ Endereco");
INSERT INTO cliente VALUES("229","Maurinho ","000.000.000-00","(00) 00000-0000","S/ Endereco");
INSERT INTO cliente VALUES("228","Marinésia ","000.000.000-00","(00) 00000-0000","S/ Endereco");
INSERT INTO cliente VALUES("227","Maria Helena ","000.000.000-00","(00) 00000-0000","S/ Endereco");
INSERT INTO cliente VALUES("226","Maria Isabel ( mãe de Salete )","000.000.000-00","(00) 00000-0000","S/ Endereco");
INSERT INTO cliente VALUES("225","Marquin do Granito","000.000.000-00","(00) 00000-0000","S/ Endereco");
INSERT INTO cliente VALUES("224","Maria De Celso ( Barra )","000.000.000-00","(00) 00000-0000","S/ Endereco");
INSERT INTO cliente VALUES("223","Marquinho De Jomar","000.000.000-00","(00) 00000-0000","S/ Endereco");
INSERT INTO cliente VALUES("222","Mussu ( Barra )","000.000.000-00","(00) 00000-0000","S/ Endereco");
INSERT INTO cliente VALUES("221","Meire Mutuca","000.000.000-00","(00) 00000-0000","S/ Endereco");
INSERT INTO cliente VALUES("220","Maria Eva","000.000.000-00","(00) 00000-0000","S/ Endereco");
INSERT INTO cliente VALUES("219","Marcelo ( Inacinho )","000.000.000-00","(00) 00000-0000","S/ Endereco");
INSERT INTO cliente VALUES("218","Lavra Aidinho ","000.000.000-00","(00) 00000-0000","S/ Endereco");
INSERT INTO cliente VALUES("217","Larisse","000.000.000-00","(00) 00000-0000","S/ Endereco");
INSERT INTO cliente VALUES("216","Leis ( Barra )","000.000.000-00","(00) 00000-0000","Barra do Salinas");
INSERT INTO cliente VALUES("215","Luzia mãe de Liu","000.000.000-00","(00) 00000-0000","S/ Endereco");
INSERT INTO cliente VALUES("214","Lia De Gerson ","000.000.000-00","(00) 00000-0000","S/ Endereco");
INSERT INTO cliente VALUES("213","Lurdinha de Pelé","000.000.000-00","(00) 00000-0000","S/ Endereco");
INSERT INTO cliente VALUES("212","Leandro Codó","000.000.000-00","(00) 00000-0000","S/ Endereco");
INSERT INTO cliente VALUES("211","João Bosco ( Vereda )","000.000.000-00","(00) 00000-0000","Vereda");
INSERT INTO cliente VALUES("210","Jailson Sete Canais","000.000.000-00","(00) 00000-0000","S/ Endereco");
INSERT INTO cliente VALUES("209","Jovelino ( Ouro-Fino )","000.000.000-00","(00) 00000-0000","Ouro Fino");
INSERT INTO cliente VALUES("208","Janilton ","000.000.000-00","(00) 00000-0000","S/ Endereco");
INSERT INTO cliente VALUES("207","Jair Taxista ","000.000.000-00","(00) 00000-0000","S/ Endereco");
INSERT INTO cliente VALUES("206","Joaquin ( Binga )","000.000.000-00","(00) 00000-0000","S/ Endereco");
INSERT INTO cliente VALUES("205","José Dito Pacheco","000.000.000-00","(00) 00000-0000","S/ Endereco");
INSERT INTO cliente VALUES("204","Joaquin ( morro Redondo )","000.000.000-00","(00) 00000-0000","Morro Redondo");
INSERT INTO cliente VALUES("203","Jaisson ( pai de Jardel )","000.000.000-00","(00) 00000-0000","S/ Endereco");
INSERT INTO cliente VALUES("202","Jordana ","000.000.000-00","(00) 00000-0000","S/ Endereco");
INSERT INTO cliente VALUES("201","Isaura ( Mãe de Vanessa )","000.000.000-00","(00) 00000-0000","S/ Endereco");
INSERT INTO cliente VALUES("200","Israel ( Barra )","000.000.000-00","(00) 00000-0000","Barra do Salinas");
INSERT INTO cliente VALUES("199","Ivana ","000.000.000-00","(00) 00000-0000","S/ Endereco");
INSERT INTO cliente VALUES("198","Jaelen ( Barra )","000.000.000-00","(00) 00000-0000","Barra do Salinas");
INSERT INTO cliente VALUES("197","Helen ( Barra )","000.000.000-00","(00) 00000-0000","Barra do Salinas");
INSERT INTO cliente VALUES("196","Gilmaria ( Da Saude ) ","000.000.000-00","(00) 00000-0000","S/ Endereco");
INSERT INTO cliente VALUES("195","Gorete ( Trabalha em Nenen )","000.000.000-00","(00) 00000-0000","S/ Endereco");
INSERT INTO cliente VALUES("194","Geralda Mãe De Gilson ","000.000.000-00","(00) 00000-0000","S/ Endereco");
INSERT INTO cliente VALUES("193","Geraldo Gonçalves ","000.000.000-00","(00) 00000-0000","S/ Endereco");
INSERT INTO cliente VALUES("192","Geise ( Trabalha em Paula )","000.000.000-00","(00) 00000-0000","S/ Endereco");
INSERT INTO cliente VALUES("191","Geise ( Vitalino )","000.000.000-00","(00) 00000-0000","S/ Endereco");
INSERT INTO cliente VALUES("190","Gilmaria ( Zé Nilo )","000.000.000-00","(00) 00000-0000","Bairro Palmeiras");
INSERT INTO cliente VALUES("189","Guina ( Mercearia )","000.000.000-00","(00) 00000-0000","S/ Endereco");
INSERT INTO cliente VALUES("188","Gilson Pintor ","000.000.000-00","(00) 00000-0000","S/ Endereco");
INSERT INTO cliente VALUES("187","Geraldinha de Loi","000.000.000-00","(00) 00000-0000","S/ Endereco");
INSERT INTO cliente VALUES("186","Gilson De Zito","000.000.000-00","(00) 00000-0000","S/ Endereco");
INSERT INTO cliente VALUES("185","Fátima ( Cunhada de Eliene )","000.000.000-00","(00) 00000-0000","S/ Endereco");
INSERT INTO cliente VALUES("184","Firmino ( Ouro-Fino )","000.000.000-00","(00) 00000-0000","Ouro Fino");
INSERT INTO cliente VALUES("183","Eva De Julieta ","000.000.000-00","(00) 00000-0000","S/ Endereco");
INSERT INTO cliente VALUES("182","Elizete ( Linda Modas )","000.000.000-00","(00) 00000-0000","S/ Endereco");
INSERT INTO cliente VALUES("181","Eflinho ( Lavra )","000.000.000-00","(00) 00000-0000","S/ Endereco");
INSERT INTO cliente VALUES("180","Elza ( avó de Sara )","000.000.000-00","(00) 00000-0000","S/ Endereco");
INSERT INTO cliente VALUES("179","Emilia De Aniba ","000.000.000-00","(00) 00000-0000","S/ Endereco");
INSERT INTO cliente VALUES("178","Eliane De Jailson ","000.000.000-00","(00) 00000-0000","S/ Endereco");
INSERT INTO cliente VALUES("177","Diu Roqueiro","000.000.000-00","(00) 00000-0000","S/ Endereco");
INSERT INTO cliente VALUES("176","Diane ( Délio ) ","000.000.000-00","(00) 00000-0000","S/ Endereco");
INSERT INTO cliente VALUES("175","Daltiva ","000.000.000-00","(00) 00000-0000","S/ Endereco");
INSERT INTO cliente VALUES("174","Di Do Salão","000.000.000-00","(00) 00000-0000","S/ Endereco");
INSERT INTO cliente VALUES("173","Délio ","000.000.000-00","(00) 00000-0000","Roça");
INSERT INTO cliente VALUES("172","Douglas ( do Posto)","000.000.000-00","(00) 00000-0000","S/ Endereco");
INSERT INTO cliente VALUES("171","Dioclécio ","000.000.000-00","(00) 00000-0000","S/ Endereco");
INSERT INTO cliente VALUES("170","Dirceu ( Salão)","000.000.000-00","(00) 00000-0000","S/ Endereco");
INSERT INTO cliente VALUES("169","Dona Lora (mãe de Lidiane)","000.000.000-00","(00) 00000-0000","S/ Endereco");
INSERT INTO cliente VALUES("168","Dió","000.000.000-00","(00) 00000-0000","S/ Endereco");
INSERT INTO cliente VALUES("167","Dedé Miranda ","000.000.000-00","(00) 00000-0000","S/ Endereco");
INSERT INTO cliente VALUES("166","Conceição de Liu","000.000.000-00","(00) 00000-0000","S/ Endereco");
INSERT INTO cliente VALUES("165","Cristina ( Camara )","000.000.000-00","(00) 00000-0000","S/ Endereco");
INSERT INTO cliente VALUES("164","Cida Mãe de Hilma ","000.000.000-00","(00) 00000-0000","S/ Endereco");
INSERT INTO cliente VALUES("163","Cassinho ( cunhado de Joquinha )","000.000.000-00","(00) 00000-0000","S/ Endereco");
INSERT INTO cliente VALUES("162","Cida Barbosa","000.000.000-00","(00) 00000-0000","S/ Endereco");
INSERT INTO cliente VALUES("161","Chico Mauricio ( Barra )","000.000.000-00","(00) 00000-0000","S/ Endereco");
INSERT INTO cliente VALUES("160","Cheba (Serralheria)","000.000.000-00","(00) 00000-0000","S/ Endereco");
INSERT INTO cliente VALUES("159","Clesio Moutinho ","000.000.000-00","(00) 00000-0000","S/ Endereco");
INSERT INTO cliente VALUES("158","Branca (Irmã de Maruco)","000.000.000-00","(00) 00000-0000","S/ Endereco");
INSERT INTO cliente VALUES("157","Bomba ","000.000.000-00","(00) 00000-0000","S/ Endereco");
INSERT INTO cliente VALUES("156","Batista  (Ouro Fino )","000.000.000-00","(00) 00000-0000","Ouro Fino");
INSERT INTO cliente VALUES("155","Alaete de Adelaide","000.000.000-00","(00) 00000-0000","S/ Endereco");
INSERT INTO cliente VALUES("154","Angelina ( Barra do Salinas )","000.000.000-00","(00) 00000-0000","Barra do Salinas");
INSERT INTO cliente VALUES("153","Ana Madalena","000.000.000-00","(00) 00000-0000","Bairro Palmeiras");
INSERT INTO cliente VALUES("152","Aladia Serrador","000.000.000-00","(00) 00000-0000","S/ Endereco");
INSERT INTO cliente VALUES("151","Antonio Marques","000.000.000-00","(00) 00000-0000","S/ Endereco");
INSERT INTO cliente VALUES("150","Abigaiu","000.000.000-00","(00) 00000-0000","S/ Endereco");
INSERT INTO cliente VALUES("149","Antonia Martins ","000.000.000-00","(00) 00000-0000","S/ Endereco");
INSERT INTO cliente VALUES("148","Arnaldo Batista ","000.000.000-00","(00) 00000-0000","S/ Endereco");
INSERT INTO cliente VALUES("147","Ana Helena ( João Barra )","000.000.000-00","(00) 00000-0000","Barra do Salinas");
INSERT INTO cliente VALUES("146","Analha Serrador ","000.000.000-00","(00) 00000-0000","Bairro Palmeiras ");
INSERT INTO cliente VALUES("145","Andreia ( Bucho )","000.000.000-00","(00) 00000-0000","S/ Endereco");
INSERT INTO cliente VALUES("144","Alcides ","000.000.000-00","(00) 00000-0000","S/ Endereco");
INSERT INTO cliente VALUES("143","Aureliano Lezinho ","000.000.000-00","(00) 00000-0000","S/ Endereco");
INSERT INTO cliente VALUES("142","André Capeta ","000.000.000-00","(00) 00000-0000","S/ Endereco");
INSERT INTO cliente VALUES("141","Alair Jardim","000.000.000-00","(00) 00000-0000","S/ Endereco");
INSERT INTO cliente VALUES("140","Ricardo Botelho","000.000.000-00","(00) 00000-0000","S/ Endereco");
INSERT INTO cliente VALUES("139","Abraão olho d agua","000.000.000-00","(00) 00000-0000","S/ Endereco");
INSERT INTO cliente VALUES("232","Mirú Casa","000.000.000-00","(00) 00000-0000","S/ Endereco");
INSERT INTO cliente VALUES("233","Mario Eletricista ","000.000.000-00","(00) 00000-0000","S/ Endereco");
INSERT INTO cliente VALUES("234","Maria De Zezinho","000.000.000-00","(00) 00000-0000","S/ Endereco");
INSERT INTO cliente VALUES("235","Maria Luiza ( Ouro-Fino )","000.000.000-00","(00) 00000-0000","Ouro Fino");
INSERT INTO cliente VALUES("236","Mirú Lavra ","000.000.000-00","(00) 00000-0000","S/ Endereco");
INSERT INTO cliente VALUES("237","Manoel Rocha ","000.000.000-00","(00) 00000-0000","S/ Endereco");
INSERT INTO cliente VALUES("238","Nilania ( Ouro-Fino )","000.000.000-00","(00) 00000-0000","S/ Endereco");
INSERT INTO cliente VALUES("239","Nen de Ná","000.000.000-00","(00) 00000-0000","Barra do Salinas");
INSERT INTO cliente VALUES("240","Nega ( Cunhada de Yuri )","000.000.000-00","(00) 00000-0000","Ouro Fino");
INSERT INTO cliente VALUES("241","Neia de Marcinho ( Barra )","000.000.000-00","(00) 00000-0000","Barra do Salinas");
INSERT INTO cliente VALUES("242","Nenê de Severo","000.000.000-00","(00) 00000-0000","S/ Endereco");
INSERT INTO cliente VALUES("243","Neuza Matias ","000.000.000-00","(00) 00000-0000","S/ Endereco");
INSERT INTO cliente VALUES("244","Negão de Tainha ","000.000.000-00","(00) 00000-0000","S/ Endereco");
INSERT INTO cliente VALUES("245","Niu Marques ","000.000.000-00","(00) 00000-0000","S/ Endereco");
INSERT INTO cliente VALUES("246","Nenen ( Irmã de Tião )","000.000.000-00","(00) 00000-0000","S/ Endereco");
INSERT INTO cliente VALUES("247","Nicassia ( Barra )","000.000.000-00","(00) 00000-0000","S/ Endereco");
INSERT INTO cliente VALUES("248","Odilia ( mãe de Peu )","000.000.000-00","(00) 00000-0000","S/ Endereco");
INSERT INTO cliente VALUES("249","Osvaldo ( Nely)","000.000.000-00","(00) 00000-0000","S/ Endereco");
INSERT INTO cliente VALUES("250","Odorico Kinha ","000.000.000-00","(00) 00000-0000","S/ Endereco");
INSERT INTO cliente VALUES("251","Passos","000.000.000-00","(00) 00000-0000","S/ Endereco");
INSERT INTO cliente VALUES("252","Pissuca ","000.000.000-00","(00) 00000-0000","S/ Endereco");
INSERT INTO cliente VALUES("253","Peu de Adão","000.000.000-00","(00) 00000-0000","S/ Endereco");
INSERT INTO cliente VALUES("254","Peu ( Inacinho )","000.000.000-00","(00) 00000-0000","S/ Endereco");
INSERT INTO cliente VALUES("255","Paulinho ( Pedreiro )","000.000.000-00","(00) 00000-0000","S/ Endereco");
INSERT INTO cliente VALUES("256","Rita ( mãe de Gil )","000.000.000-00","(00) 00000-0000","S/ Endereco");
INSERT INTO cliente VALUES("257","Rosieide ( Bob )","000.000.000-00","(00) 00000-0000","S/ Endereco");
INSERT INTO cliente VALUES("258","Rafa ( Lufe )","000.000.000-00","(00) 00000-0000","S/ Endereco");
INSERT INTO cliente VALUES("259","Reginaldo ( Pé da Serra )","000.000.000-00","(00) 00000-0000","S/ Endereco");
INSERT INTO cliente VALUES("260","Sinhor  ( Neique )","000.000.000-00","(00) 00000-0000","S/ Endereco");
INSERT INTO cliente VALUES("261","Sonia ( Mãe de Cleia )","000.000.000-00","(00) 00000-0000","S/ Endereco");
INSERT INTO cliente VALUES("262","Socorro ( mãe de Nivea )","000.000.000-00","(00) 00000-0000","S/ Endereco");
INSERT INTO cliente VALUES("263","Sebastiana Caldeira ","000.000.000-00","(00) 00000-0000","S/ Endereco");
INSERT INTO cliente VALUES("264","Tô","000.000.000-00","(00) 00000-0000","S/ Endereco");
INSERT INTO cliente VALUES("265","Tozinho ","000.000.000-00","(00) 00000-0000","S/ Endereco");
INSERT INTO cliente VALUES("266","Tereza de Zequeinha ","000.000.000-00","(00) 00000-0000","S/ Endereco");
INSERT INTO cliente VALUES("267","Ticon","000.000.000-00","(00) 00000-0000","S/ Endereco");
INSERT INTO cliente VALUES("268","Tina","000.000.000-00","(00) 00000-0000","S/ Endereco");
INSERT INTO cliente VALUES("269","Tereza ( Jacutinga ) ","000.000.000-00","(00) 00000-0000","S/ Endereco");
INSERT INTO cliente VALUES("270","Tutilane ","000.000.000-00","(00) 00000-0000","S/ Endereco");
INSERT INTO cliente VALUES("271","Tio Leo ","000.000.000-00","(00) 00000-0000","S/ Endereco");
INSERT INTO cliente VALUES("272","Tião Crente ","000.000.000-00","(00) 00000-0000","S/ Endereco");
INSERT INTO cliente VALUES("273","Tico ( Vereador )","000.000.000-00","(00) 00000-0000","S/ Endereco");
INSERT INTO cliente VALUES("274","Tú de Lopeu","000.000.000-00","(00) 00000-0000","S/ Endereco");
INSERT INTO cliente VALUES("275","Vera Jardim","000.000.000-00","(00) 00000-0000","S/ Endereco");
INSERT INTO cliente VALUES("276","vieley de Vila","000.000.000-00","(00) 00000-0000","S/ Endereco");
INSERT INTO cliente VALUES("277","Vitor Restaurante ","000.000.000-00","(00) 00000-0000","S/ Endereco");
INSERT INTO cliente VALUES("278","Vanderley ","000.000.000-00","(00) 00000-0000","S/ Endereco");
INSERT INTO cliente VALUES("279","Valmir de Dona Lora","000.000.000-00","(00) 00000-0000","S/ Endereco");
INSERT INTO cliente VALUES("280","Vilsão ","000.000.000-00","(00) 00000-0000","S/ Endereco");
INSERT INTO cliente VALUES("281","Vadin ( Pai de Daniela )","000.000.000-00","(00) 00000-0000","S/ Endereco");
INSERT INTO cliente VALUES("282","Yuri ","000.000.000-00","(00) 00000-0000","S/ Endereco");
INSERT INTO cliente VALUES("283","Weltinho ( Tio de Douglas )","000.000.000-00","(00) 00000-0000","S/ Endereco");
INSERT INTO cliente VALUES("284","Leomar De Waldeir","000.000.000-00","(00) 00000-0000","S/ Endereco");
INSERT INTO cliente VALUES("285","Wilson Jacutinga ","000.000.000-00","(00) 00000-0000","S/ Endereco");
INSERT INTO cliente VALUES("286","Zeu ","000.000.000-00","(00) 00000-0000","S/ Endereco");
INSERT INTO cliente VALUES("287","Zé de Acácio ","000.000.000-00","(00) 00000-0000","S/ Endereco");
INSERT INTO cliente VALUES("288","Zeka","000.000.000-00","(00) 00000-0000","S/ Endereco");
INSERT INTO cliente VALUES("289","Zé Matão","000.000.000-00","(00) 00000-0000","S/ Endereco");
INSERT INTO cliente VALUES("290","Zaia ","000.000.000-00","(00) 00000-0000","S/ Endereco");
INSERT INTO cliente VALUES("291","Zú ( Mãe de Gilberto )","000.000.000-00","(00) 00000-0000","S/ Endereco");
INSERT INTO cliente VALUES("292","Zé do Alagadiço ","000.000.000-00","(00) 00000-0000","Alagadiço ");
INSERT INTO cliente VALUES("293","Zetinha","000.000.000-00","(00) 00000-0000","S/ Endereco");
INSERT INTO cliente VALUES("294","Zé de Toto","000.000.000-00","(00) 00000-0000","S/ Endereco");
INSERT INTO cliente VALUES("295","Zoraide ","000.000.000-00","(00) 00000-0000","S/ Endereco");
INSERT INTO cliente VALUES("296","Zezinho ( Virgem da Lapa )","000.000.000-00","(00) 00000-0000","Virgem Da Lapa");
INSERT INTO cliente VALUES("297","Zé Preto ( Pai de Augusto )","000.000.000-00","(00) 00000-0000","S/ Endereco");
INSERT INTO cliente VALUES("298","Zé de Rebeldino ","000.000.000-00","(00) 00000-0000","S/ Endereco");
INSERT INTO cliente VALUES("299","Zé De Kelé","000.000.000-00","(00) 00000-0000","S/ Endereco");
INSERT INTO cliente VALUES("300","Guin do Bar","000.000.000-00","(00) 00000-0000","S/ Endereco");
INSERT INTO cliente VALUES("301","Tim de Preto","000.000.000-00","(00) 00000-0000","S/ Endereco");
INSERT INTO cliente VALUES("302","Lucelia ( Mãe de Janser )","000.000.000-00","(00) 00000-0000","S/ Endereco");
INSERT INTO cliente VALUES("303","Geraldo Vereador","000.000.000-00","(00) 00000-0000","S/ Endereco");
INSERT INTO cliente VALUES("304","Leandro ( Talita )","000.000.000-00","(00) 00000-0000","S/ Endereco");


DROP TABLE IF EXISTS compra;

CREATE TABLE `compra` (
  `id_compra` int(40) NOT NULL AUTO_INCREMENT,
  `data_compra` date DEFAULT NULL,
  `id_prod_comprado` int(10) DEFAULT NULL,
  `cod_barras` varchar(13) COLLATE latin1_general_ci DEFAULT NULL,
  `peso_produto` float DEFAULT NULL,
  `nome_produto` varchar(100) COLLATE latin1_general_ci DEFAULT NULL,
  `valor_produto` float DEFAULT NULL,
  `id_cliente` int(11) DEFAULT NULL,
  `preco_unidade` float DEFAULT NULL,
  `id_caderneta` int(11) DEFAULT NULL,
  `nome_cliente` varchar(110) COLLATE latin1_general_ci DEFAULT NULL,
  `exibir_linha` int(1) DEFAULT 1,
  `vendido` int(11) NOT NULL,
  PRIMARY KEY (`id_compra`)
) ENGINE=MyISAM AUTO_INCREMENT=517 DEFAULT CHARSET=latin1 COLLATE=latin1_general_ci;

INSERT INTO compra VALUES("168","2020-12-01",NULL,NULL,NULL,"Valor Fixo","144.1","54",NULL,"81","David ( Lilica)",NULL,NULL);
INSERT INTO compra VALUES("167","2020-12-01",NULL,NULL,NULL,"Valor Fixo","126.65","53",NULL,"80","Diu Roqueiro",NULL,NULL);
INSERT INTO compra VALUES("166","2020-12-01",NULL,NULL,NULL,"Valor Fixo","63","52",NULL,"79","Dimilsinho ( Idália )",NULL,NULL);
INSERT INTO compra VALUES("165","2020-12-01",NULL,NULL,NULL,"Valor Fixo","89.6","51",NULL,"78","Dedé (Lagoa Seca)",NULL,NULL);
INSERT INTO compra VALUES("164","2020-12-01",NULL,NULL,NULL,"Valor Fixo","142.95","50",NULL,"77","Douglas ( do Posto)",NULL,NULL);
INSERT INTO compra VALUES("163","2020-12-01",NULL,NULL,NULL,"Valor Fixo","76.6","49",NULL,"76","Dioclécio",NULL,NULL);
INSERT INTO compra VALUES("162","2020-12-01",NULL,NULL,NULL,"Valor Fixo","32.8","48",NULL,"75","Dirceu ( Salão)",NULL,NULL);
INSERT INTO compra VALUES("161","2020-12-01",NULL,NULL,NULL,"Valor Fixo","101.4","47",NULL,"74","Dona Lora (mãe de Lidiane)",NULL,NULL);
INSERT INTO compra VALUES("160","2020-12-01",NULL,NULL,NULL,"Valor Fixo","195.6","46",NULL,"73","Dedé Miranda ",NULL,NULL);
INSERT INTO compra VALUES("159","2020-12-01",NULL,NULL,NULL,"Valor Fixo","36","45",NULL,"72","Dió",NULL,NULL);
INSERT INTO compra VALUES("251","2020-12-04",NULL,NULL,NULL,"Valor Fixo","204.6","57",NULL,"162","Daltiva ",NULL,NULL);
INSERT INTO compra VALUES("252","2020-12-04",NULL,NULL,NULL,"Valor Fixo","54.6","82",NULL,"163","Irani ( Jatoba )",NULL,NULL);
INSERT INTO compra VALUES("157","2020-12-01",NULL,NULL,NULL,"Valor Fixo","65","43",NULL,"70","Cassinho ( tio de Douglas )",NULL,NULL);
INSERT INTO compra VALUES("156","2020-12-01",NULL,NULL,NULL,"Valor Fixo","30.2","42",NULL,"69","Cassinho ( cunhado de Joquinha )",NULL,NULL);
INSERT INTO compra VALUES("155","2020-12-01",NULL,NULL,NULL,"Valor Fixo","54.5","41",NULL,"68","Cida ( mãe de Hilma)",NULL,NULL);
INSERT INTO compra VALUES("154","2020-12-01",NULL,NULL,NULL,"Valor Fixo","59.6","40",NULL,"67","Conceição de Liu",NULL,NULL);
INSERT INTO compra VALUES("153","2020-12-01",NULL,NULL,NULL,"Valor Fixo","51.7","39",NULL,"66","Cristina ( Câmara )",NULL,NULL);
INSERT INTO compra VALUES("152","2020-12-01",NULL,NULL,NULL,"Valor Fixo","53.6","38",NULL,"65","Clésio Moutinho",NULL,NULL);
INSERT INTO compra VALUES("151","2020-12-01",NULL,NULL,NULL,"Valor Fixo","129.3","37",NULL,"64","Cheba (Serralheria)",NULL,NULL);
INSERT INTO compra VALUES("150","2020-12-01",NULL,NULL,NULL,"Valor Fixo","93","36",NULL,"63","Branca (Irmã de Maruco)",NULL,NULL);
INSERT INTO compra VALUES("149","2020-12-01",NULL,NULL,NULL,"Valor Fixo","107","35",NULL,"62","Batista",NULL,NULL);
INSERT INTO compra VALUES("148","2020-12-01",NULL,NULL,NULL,"Valor Fixo","256.45","34",NULL,"61","Bomba",NULL,NULL);
INSERT INTO compra VALUES("147","2020-12-01",NULL,NULL,NULL,"Valor Fixo","97","33",NULL,"60","André de Luiz",NULL,NULL);
INSERT INTO compra VALUES("146","2020-12-01",NULL,NULL,NULL,"Valor Fixo","12.3","32",NULL,"59","Ana Helena (João Barra)",NULL,NULL);
INSERT INTO compra VALUES("145","2020-12-01",NULL,NULL,NULL,"Valor Fixo","165.9","31",NULL,"58","Aparecida Zé De Carlota",NULL,NULL);
INSERT INTO compra VALUES("144","2020-12-01",NULL,NULL,NULL,"Valor Fixo","103.5","30",NULL,"57","Angelina (Barra do Salinas)",NULL,NULL);
INSERT INTO compra VALUES("143","2020-12-01",NULL,NULL,NULL,"Valor Fixo","16.45","29",NULL,"56","Analha Serrador ",NULL,NULL);
INSERT INTO compra VALUES("142","2020-12-01",NULL,NULL,NULL,"Valor Fixo","29.4","28",NULL,"55","Adriano (Lia)",NULL,NULL);
INSERT INTO compra VALUES("141","2020-12-01",NULL,NULL,NULL,"Valor Fixo","255.5","27",NULL,"54","Alcides",NULL,NULL);
INSERT INTO compra VALUES("140","2020-12-01",NULL,NULL,NULL,"Valor Fixo","98.8","26",NULL,"53","Aureliano Lezinho",NULL,NULL);
INSERT INTO compra VALUES("139","2020-12-01",NULL,NULL,NULL,"Valor Fixo","29.6","25",NULL,"52","André Capeta",NULL,NULL);
INSERT INTO compra VALUES("138","2020-12-01",NULL,NULL,NULL,"Valor Fixo","73","24",NULL,"51","Alair Jardim",NULL,NULL);
INSERT INTO compra VALUES("137","2020-12-01",NULL,NULL,NULL,"Valor Fixo","33.3","23",NULL,"50","Abraão Olho D água",NULL,NULL);
INSERT INTO compra VALUES("135","2020-12-01",NULL,NULL,NULL,"Valor Fixo","11","21",NULL,"48","Amelia (Evangélica)",NULL,NULL);
INSERT INTO compra VALUES("136","2020-12-01",NULL,NULL,NULL,"Valor Fixo","123.2","22",NULL,"49","Alaete de Adelaide",NULL,NULL);
INSERT INTO compra VALUES("134","2020-12-01",NULL,NULL,NULL,"Valor Fixo","231.4","20",NULL,"47","Aladia Serrador",NULL,NULL);
INSERT INTO compra VALUES("130","2020-12-01",NULL,NULL,NULL,"Valor Fixo","108","16",NULL,"43","Antonio Martins",NULL,NULL);
INSERT INTO compra VALUES("131","2020-12-01",NULL,NULL,NULL,"Valor Fixo","160.2","17",NULL,"44","Arnaldo Batista",NULL,NULL);
INSERT INTO compra VALUES("511","2020-12-14","22",NULL,"1","Asa de Frango Pacote","18.6","160","18.6","187","Cheba (Serralheria)",NULL,NULL);
INSERT INTO compra VALUES("133","2020-12-01",NULL,NULL,NULL,"Valor Fixo","105.25","19",NULL,"46","Antonio Marques",NULL,NULL);
INSERT INTO compra VALUES("169","2020-12-01",NULL,NULL,NULL,"Valor Fixo","65","55",NULL,"82","Diane (Sobrinha de Lucélia)",NULL,NULL);
INSERT INTO compra VALUES("170","2020-12-01",NULL,NULL,NULL,"Valor Fixo","57.6","56",NULL,"83","Disson ( Morro Redondo) ",NULL,NULL);
INSERT INTO compra VALUES("171","2020-12-01",NULL,NULL,NULL,"Valor Fixo","400.45","57",NULL,"84","Daltiva ",NULL,NULL);
INSERT INTO compra VALUES("172","2020-12-01",NULL,NULL,NULL,"Valor Fixo","44","58",NULL,"85","Délio ",NULL,NULL);
INSERT INTO compra VALUES("173","2020-12-01",NULL,NULL,NULL,"Valor Fixo","541.85","59",NULL,"87","Diane ( Délio ) ",NULL,NULL);
INSERT INTO compra VALUES("174","2020-12-02",NULL,NULL,NULL,"Valor Fixo","76.1","60",NULL,"88","Eliane De Jailson ",NULL,NULL);
INSERT INTO compra VALUES("175","2020-12-02",NULL,NULL,NULL,"Valor Fixo","23.9","61",NULL,"89","Emilia ( de seu Aniba)",NULL,NULL);
INSERT INTO compra VALUES("176","2020-12-02",NULL,NULL,NULL,"Valor Fixo","166.1","62",NULL,"90","Emilia ( sogra de Negão )",NULL,NULL);
INSERT INTO compra VALUES("177","2020-12-02",NULL,NULL,NULL,"Valor Fixo","77.3","63",NULL,"91","Eva De Julieta ",NULL,NULL);
INSERT INTO compra VALUES("178","2020-12-02",NULL,NULL,NULL,"Valor Fixo","36","64",NULL,"92","Eduardo ( morro do Querosene)",NULL,NULL);
INSERT INTO compra VALUES("179","2020-12-02",NULL,NULL,NULL,"Valor Fixo","281.15","65",NULL,"93","Eduardo ( tio de Douglas )",NULL,NULL);
INSERT INTO compra VALUES("180","2020-12-02",NULL,NULL,NULL,"Valor Fixo","75.3","66",NULL,"94","Elizete ( Linda Modas )",NULL,NULL);
INSERT INTO compra VALUES("181","2020-12-02",NULL,NULL,NULL,"Valor Fixo","258.55","67",NULL,"95","Eflinho ( Lavra )",NULL,NULL);
INSERT INTO compra VALUES("182","2020-12-02",NULL,NULL,NULL,"Valor Fixo","34","68",NULL,"96","Elza ( avó de Sara )",NULL,NULL);
INSERT INTO compra VALUES("183","2020-12-02",NULL,NULL,NULL,"Valor Fixo","243.8","69",NULL,"97","Fátima ( Cunhada de Eliene )",NULL,NULL);
INSERT INTO compra VALUES("184","2020-12-02",NULL,NULL,NULL,"Valor Fixo","84.4","70",NULL,"98","Firmino ( Ouro-Fino )",NULL,NULL);
INSERT INTO compra VALUES("185","2020-12-02",NULL,NULL,NULL,"Valor Fixo","75.7","71",NULL,"99","Geise ( Trabalha em Paula )",NULL,NULL);
INSERT INTO compra VALUES("186","2020-12-02",NULL,NULL,NULL,"Valor Fixo","143","72",NULL,"100","Geise ( Vitalino )",NULL,NULL);
INSERT INTO compra VALUES("210","2020-12-03",NULL,NULL,NULL,"Valor Fixo","520.55","73",NULL,"101","Gilmaria ( Zé Nilo )",NULL,NULL);
INSERT INTO compra VALUES("188","2020-12-02",NULL,NULL,NULL,"Valor Fixo","57.6","74",NULL,"102","Guina ( Mercearia )",NULL,NULL);
INSERT INTO compra VALUES("189","2020-12-02",NULL,NULL,NULL,"Valor Fixo","131.9","75",NULL,"103","Geraldinha de Loi",NULL,NULL);
INSERT INTO compra VALUES("190","2020-12-02",NULL,NULL,NULL,"Valor Fixo","13.55","76",NULL,"104","Gorete ( Trabalha em Nenen )",NULL,NULL);
INSERT INTO compra VALUES("191","2020-12-02",NULL,NULL,NULL,"Valor Fixo","35.8","77",NULL,"105","Geralda Mãe De Gilson ",NULL,NULL);
INSERT INTO compra VALUES("192","2020-12-02",NULL,NULL,NULL,"Valor Fixo","93","78",NULL,"106","Geraldo Gonçalves ",NULL,NULL);
INSERT INTO compra VALUES("193","2020-12-02",NULL,NULL,NULL,"Valor Fixo","98","79",NULL,"107","Gilson Pintor ",NULL,NULL);
INSERT INTO compra VALUES("194","2020-12-02",NULL,NULL,NULL,"Valor Fixo","134.2","81",NULL,"108","Gilson De Zito",NULL,NULL);
INSERT INTO compra VALUES("195","2020-12-02",NULL,NULL,NULL,"Valor Fixo","51","82",NULL,"109","Irani ( Jatoba )",NULL,NULL);
INSERT INTO compra VALUES("196","2020-12-02",NULL,NULL,NULL,"Valor Fixo","40.3","84",NULL,"110","Isaura ( Mãe de Vanessa )",NULL,NULL);
INSERT INTO compra VALUES("197","2020-12-02",NULL,NULL,NULL,"Valor Fixo","33.9","85",NULL,"111","Ivana",NULL,NULL);
INSERT INTO compra VALUES("198","2020-12-02",NULL,NULL,NULL,"Valor Fixo","104","86",NULL,"112","Jordana",NULL,NULL);
INSERT INTO compra VALUES("199","2020-12-02",NULL,NULL,NULL,"Valor Fixo","82.4","87",NULL,"113","Jailson ( Irmão de Iracema )",NULL,NULL);
INSERT INTO compra VALUES("200","2020-12-02",NULL,NULL,NULL,"Valor Fixo","47.9","88",NULL,"114","João Bosco ( Vereda )",NULL,NULL);
INSERT INTO compra VALUES("201","2020-12-02",NULL,NULL,NULL,"Valor Fixo","122.55","89",NULL,"115","Jovelino ( Ouro-Fino )",NULL,NULL);
INSERT INTO compra VALUES("202","2020-12-02",NULL,NULL,NULL,"Valor Fixo","116","90",NULL,"116","Janilton ",NULL,NULL);
INSERT INTO compra VALUES("203","2020-12-02",NULL,NULL,NULL,"Valor Fixo","281","91",NULL,"117","Jair ( Taxista )",NULL,NULL);
INSERT INTO compra VALUES("205","2020-12-02",NULL,NULL,NULL,"Valor Fixo","86.6","92",NULL,"118","Jaelen ( Barra )",NULL,NULL);
INSERT INTO compra VALUES("206","2020-12-02",NULL,NULL,NULL,"Valor Fixo","39.3","93",NULL,"119","José Dito Pacheco",NULL,NULL);
INSERT INTO compra VALUES("207","2020-12-02",NULL,NULL,NULL,"Valor Fixo","100","94",NULL,"120","Joaquin Binga",NULL,NULL);
INSERT INTO compra VALUES("208","2020-12-02",NULL,NULL,NULL,"Valor Fixo","114.1","95",NULL,"121","Joelma ",NULL,NULL);
INSERT INTO compra VALUES("209","2020-12-03",NULL,NULL,NULL,"Valor Fixo","93.5","31",NULL,"122","Aparecida Zé De Carlota",NULL,NULL);
INSERT INTO compra VALUES("211","2020-12-03",NULL,NULL,NULL,"Valor Fixo","59.9","98",NULL,"123","Cassinho De Alaô",NULL,NULL);
INSERT INTO compra VALUES("212","2020-12-03",NULL,NULL,NULL,"Valor Fixo","114.8","99",NULL,"124","Lucélia Mãe De Janser ",NULL,NULL);
INSERT INTO compra VALUES("213","2020-12-03",NULL,NULL,NULL,"Valor Fixo","104.4","100",NULL,"125","Leis ( Barra )",NULL,NULL);
INSERT INTO compra VALUES("215","2020-12-03",NULL,NULL,NULL,"Valor Fixo","128","102",NULL,"127","Luzia mãe de Liu",NULL,NULL);
INSERT INTO compra VALUES("216","2020-12-03",NULL,NULL,NULL,"Valor Fixo","39","103",NULL,"128","Lia De Gerson",NULL,NULL);
INSERT INTO compra VALUES("217","2020-12-03",NULL,NULL,NULL,"Valor Fixo","75.5","104",NULL,"129","Lurdinha de Pelé",NULL,NULL);
INSERT INTO compra VALUES("218","2020-12-03",NULL,NULL,NULL,"Valor Fixo","80.8","105",NULL,"130","Leandro Codó",NULL,NULL);
INSERT INTO compra VALUES("219","2020-12-03",NULL,NULL,NULL,"Valor Fixo","19","106",NULL,"131","Maria De Celson ( Barra )",NULL,NULL);
INSERT INTO compra VALUES("220","2020-12-03",NULL,NULL,NULL,"Valor Fixo","46.9","107",NULL,"132","Marquinho Serra",NULL,NULL);
INSERT INTO compra VALUES("221","2020-12-03",NULL,NULL,NULL,"Valor Fixo","48","108",NULL,"133","Maria Eva",NULL,NULL);
INSERT INTO compra VALUES("222","2020-12-03",NULL,NULL,NULL,"Valor Fixo","123.3","109",NULL,"134","Maza ",NULL,NULL);
INSERT INTO compra VALUES("223","2020-12-03",NULL,NULL,NULL,"Valor Fixo","45","110",NULL,"135","Maria Luiza ( Ouro-Fino )",NULL,NULL);
INSERT INTO compra VALUES("224","2020-12-03",NULL,NULL,NULL,"Valor Fixo","127.7","111",NULL,"136","Mirú Lavra ",NULL,NULL);
INSERT INTO compra VALUES("225","2020-12-03",NULL,NULL,NULL,"Valor Fixo","50.5","112",NULL,"137","Maria De Zezinho",NULL,NULL);
INSERT INTO compra VALUES("226","2020-12-03",NULL,NULL,NULL,"Valor Fixo","141","113",NULL,"138","Mario Eletricista ",NULL,NULL);
INSERT INTO compra VALUES("227","2020-12-03",NULL,NULL,NULL,"Valor Fixo","224.15","114",NULL,"139","Mirú Casa",NULL,NULL);
INSERT INTO compra VALUES("228","2020-12-03",NULL,NULL,NULL,"Valor Fixo","324.8","115",NULL,"140","Meire Mutuca",NULL,NULL);
INSERT INTO compra VALUES("229","2020-12-03",NULL,NULL,NULL,"Valor Fixo","151.35","116",NULL,"141","Maria Antonia ",NULL,NULL);
INSERT INTO compra VALUES("230","2020-12-03",NULL,NULL,NULL,"Valor Fixo","34.7","117",NULL,"142","Maria Carrinho",NULL,NULL);
INSERT INTO compra VALUES("231","2020-12-03",NULL,NULL,NULL,"Valor Fixo","29","118",NULL,"143","Maria Isabel ( mãe de Salete )",NULL,NULL);
INSERT INTO compra VALUES("232","2020-12-03",NULL,NULL,NULL,"Valor Fixo","135.7","119",NULL,"144","Maria Helena Murta",NULL,NULL);
INSERT INTO compra VALUES("233","2020-12-03",NULL,NULL,NULL,"Valor Fixo","140.8","120",NULL,"145","Marinésia ",NULL,NULL);
INSERT INTO compra VALUES("234","2020-12-03",NULL,NULL,NULL,"Valor Fixo","337.95","121",NULL,"146","Maurinho ",NULL,NULL);
INSERT INTO compra VALUES("235","2020-12-03",NULL,NULL,NULL,"Valor Fixo","171.6","122",NULL,"147","Maurino ( Barra )",NULL,NULL);
INSERT INTO compra VALUES("256","2020-12-04",NULL,NULL,NULL,"Valor Fixo","162.2","123",NULL,"148","Marcelo ( Inacinho )",NULL,NULL);
INSERT INTO compra VALUES("237","2020-12-03",NULL,NULL,NULL,"Valor Fixo","294.9","124",NULL,"149","Marquinho De Jomar",NULL,NULL);
INSERT INTO compra VALUES("238","2020-12-03",NULL,NULL,NULL,"Valor Fixo","71.9","125",NULL,"150","Nega ( Cunhada de Yuri )",NULL,NULL);
INSERT INTO compra VALUES("239","2020-12-03",NULL,NULL,NULL,"Valor Fixo","107.35","126",NULL,"151","Neia de Marcinho ( Barra )",NULL,NULL);
INSERT INTO compra VALUES("240","2020-12-03",NULL,NULL,NULL,"Valor Fixo","141.8","127",NULL,"152","Negão de Tainha ",NULL,NULL);
INSERT INTO compra VALUES("241","2020-12-03",NULL,NULL,NULL,"Valor Fixo","235.1","128",NULL,"153","Niu Marques ",NULL,NULL);
INSERT INTO compra VALUES("242","2020-12-03",NULL,NULL,NULL,"Valor Fixo","55.45","71",NULL,"99","Geise ( Trabalha em Paula )",NULL,NULL);
INSERT INTO compra VALUES("243","2020-12-03",NULL,NULL,NULL,"Valor Fixo","120.1","129",NULL,"154","Nenen ( Irmã de Tião )",NULL,NULL);
INSERT INTO compra VALUES("244","2020-12-03",NULL,NULL,NULL,"Valor Fixo","54","130",NULL,"155","Nicassia ( Barra )",NULL,NULL);
INSERT INTO compra VALUES("245","2020-12-03",NULL,NULL,NULL,"Valor Fixo","1.5","131",NULL,"156","Nilania ( Ouro-Fino )",NULL,NULL);
INSERT INTO compra VALUES("246","2020-12-03",NULL,NULL,NULL,"Valor Fixo","271.9","132",NULL,"157","Neuza Matias ",NULL,NULL);
INSERT INTO compra VALUES("247","2020-12-03",NULL,NULL,NULL,"Valor Fixo","45.1","133",NULL,"158","Nen Da Barra ",NULL,NULL);
INSERT INTO compra VALUES("248","2020-12-03",NULL,NULL,NULL,"Valor Fixo","40","134",NULL,"159","Odilia ( mãe de Peu )",NULL,NULL);
INSERT INTO compra VALUES("249","2020-12-03",NULL,NULL,NULL,"Valor Fixo","44.7","135",NULL,"160","Odorico Kinha ",NULL,NULL);
INSERT INTO compra VALUES("250","2020-12-03",NULL,NULL,NULL,"Valor Fixo","83.25","136",NULL,"161","Osvaldo ( Nely)",NULL,NULL);
INSERT INTO compra VALUES("253","2020-12-04",NULL,NULL,NULL,"Valor Fixo","56.3","76",NULL,"104","Gorete ( Trabalha em Nenen )",NULL,NULL);
INSERT INTO compra VALUES("254","2020-12-04",NULL,NULL,NULL,"Valor Fixo","10.3","57",NULL,"162","Daltiva ",NULL,NULL);
INSERT INTO compra VALUES("255","2020-12-04",NULL,NULL,NULL,"Valor Fixo","188","97",NULL,"164","Jaisson ( pai de Jardel )",NULL,NULL);
INSERT INTO compra VALUES("257","2020-12-04",NULL,NULL,NULL,"Valor Fixo","76","120",NULL,"145","Marinésia ",NULL,NULL);
INSERT INTO compra VALUES("259","2020-12-04",NULL,NULL,NULL,"Valor Fixo","149.8","137",NULL,"165","DI DO SALAO",NULL,NULL);
INSERT INTO compra VALUES("260","2020-12-07",NULL,NULL,NULL,"Valor Fixo","33.3","139",NULL,"166","Abraão olho d agua",NULL,NULL);
INSERT INTO compra VALUES("261","2020-12-07","8","2000800030052","3.005","Carne de Porco","54.09","140","18","167","Ricardo Botelho",NULL,NULL);
INSERT INTO compra VALUES("263","2020-12-07",NULL,NULL,NULL,"Valor Fixo","72","140",NULL,"167","Ricardo Botelho",NULL,NULL);
INSERT INTO compra VALUES("264","2020-12-07",NULL,NULL,NULL,"Valor Fixo","84","140",NULL,"167","Ricardo Botelho",NULL,NULL);
INSERT INTO compra VALUES("265","2020-12-07",NULL,NULL,NULL,"Valor Fixo","73","141",NULL,"168","Alair Jardim",NULL,NULL);
INSERT INTO compra VALUES("266","2020-12-07",NULL,NULL,NULL,"Valor Fixo","29.6","142",NULL,"169","André Capeta ",NULL,NULL);
INSERT INTO compra VALUES("267","2020-12-07",NULL,NULL,NULL,"Valor Fixo","98.8","143",NULL,"170","Aureliano Lezinho ",NULL,NULL);
INSERT INTO compra VALUES("268","2020-12-07",NULL,NULL,NULL,"Valor Fixo","311.5","144",NULL,"171","Alcides ",NULL,NULL);
INSERT INTO compra VALUES("269","2020-12-07",NULL,NULL,NULL,"Valor Fixo","10","145",NULL,"172","Andreia ( Bucho )",NULL,NULL);
INSERT INTO compra VALUES("270","2020-12-07",NULL,NULL,NULL,"Valor Fixo","16.45","146",NULL,"173","Analha Serrador ",NULL,NULL);
INSERT INTO compra VALUES("271","2020-12-07",NULL,NULL,NULL,"Valor Fixo","12.3","147",NULL,"174","Ana Helena ( João Barra )",NULL,NULL);
INSERT INTO compra VALUES("272","2020-12-07",NULL,NULL,NULL,"Valor Fixo","160.2","148",NULL,"175","Arnaldo Batista ",NULL,NULL);
INSERT INTO compra VALUES("273","2020-12-07",NULL,NULL,NULL,"Valor Fixo","108","149",NULL,"176","Antonia Martins ",NULL,NULL);
INSERT INTO compra VALUES("274","2020-12-07",NULL,NULL,NULL,"Valor Fixo","46","150",NULL,"177","Abigaiu",NULL,NULL);
INSERT INTO compra VALUES("275","2020-12-07",NULL,NULL,NULL,"Valor Fixo","105.25","151",NULL,"178","Antonio Marques",NULL,NULL);
INSERT INTO compra VALUES("276","2020-12-07",NULL,NULL,NULL,"Valor Fixo","231.4","152",NULL,"179","Aladia Serrador",NULL,"1");
INSERT INTO compra VALUES("277","2020-12-07",NULL,NULL,NULL,"Valor Fixo","27.3","153",NULL,"180","Ana Madalena",NULL,NULL);
INSERT INTO compra VALUES("278","2020-12-07",NULL,NULL,NULL,"Valor Fixo","103.5","154",NULL,"181","Angelina ( Barra do Salinas )",NULL,NULL);
INSERT INTO compra VALUES("279","2020-12-07",NULL,NULL,NULL,"Valor Fixo","56.2","155",NULL,"182","Alaete de Adelaide",NULL,NULL);
INSERT INTO compra VALUES("280","2020-12-07","13","2001300009852","0.985","Barriga de Porco","14.775",NULL,"15",NULL,NULL,NULL,"1");
INSERT INTO compra VALUES("281","2020-12-07","13","2001300009852","0.985","Barriga de Porco","14.775",NULL,"15",NULL,NULL,NULL,"1");
INSERT INTO compra VALUES("282","2020-12-07","2","2000200011002","1.1","Carne de Boi 2","33",NULL,"30",NULL,NULL,NULL,"1");
INSERT INTO compra VALUES("283","2020-12-07",NULL,NULL,NULL,"Valor Fixo","107","156",NULL,"183","Batista  (Ouro Fino )",NULL,NULL);
INSERT INTO compra VALUES("284","2020-12-07",NULL,NULL,NULL,"Valor Fixo","347.45","157",NULL,"184","Bomba ",NULL,NULL);
INSERT INTO compra VALUES("285","2020-12-07",NULL,NULL,NULL,"Valor Fixo","40","158",NULL,"185","Branca (Irmã de Maruco)",NULL,NULL);
INSERT INTO compra VALUES("286","2020-12-07",NULL,NULL,NULL,"Valor Fixo","53.6","159",NULL,"186","Clesio Moutinho ",NULL,NULL);
INSERT INTO compra VALUES("287","2020-12-07",NULL,NULL,NULL,"Valor Fixo","129.3","160",NULL,"187","Cheba (Serralheria)",NULL,NULL);
INSERT INTO compra VALUES("288","2020-12-07",NULL,NULL,NULL,"Valor Fixo","389.5","161",NULL,"188","Chico Mauricio ( Barra )",NULL,NULL);
INSERT INTO compra VALUES("289","2020-12-07",NULL,NULL,NULL,"Valor Fixo","41","162",NULL,"189","Cida Barbosa",NULL,NULL);
INSERT INTO compra VALUES("290","2020-12-07",NULL,NULL,NULL,"Valor Fixo","30.2","163",NULL,"190","Cassinho ( cunhado de Joquinha )",NULL,NULL);
INSERT INTO compra VALUES("291","2020-12-07",NULL,NULL,NULL,"Valor Fixo","54.5","164",NULL,"191","Cida Mãe de Hilma ",NULL,NULL);
INSERT INTO compra VALUES("292","2020-12-07",NULL,NULL,NULL,"Valor Fixo","51.7","165",NULL,"192","Cristina ( Camara )",NULL,NULL);
INSERT INTO compra VALUES("293","2020-12-07",NULL,NULL,NULL,"Valor Fixo","99.6","166",NULL,"193","Conceição de Liu",NULL,NULL);
INSERT INTO compra VALUES("294","2020-12-07",NULL,NULL,NULL,"Valor Fixo","56.6","167",NULL,"194","Dedé Miranda ",NULL,NULL);
INSERT INTO compra VALUES("295","2020-12-07",NULL,NULL,NULL,"Valor Fixo","72","168",NULL,"195","Dió",NULL,NULL);
INSERT INTO compra VALUES("296","2020-12-07",NULL,NULL,NULL,"Valor Fixo","129.7","169",NULL,"196","Dona Lora (mãe de Lidiane)",NULL,NULL);
INSERT INTO compra VALUES("297","2020-12-07",NULL,NULL,NULL,"Valor Fixo","32.8","170",NULL,"197","Dirceu ( Salão)",NULL,NULL);
INSERT INTO compra VALUES("298","2020-12-07",NULL,NULL,NULL,"Valor Fixo","76.6","171",NULL,"198","Dioclécio ",NULL,NULL);
INSERT INTO compra VALUES("299","2020-12-07",NULL,NULL,NULL,"Valor Fixo","142.95","172",NULL,"199","Douglas ( do Posto)",NULL,NULL);
INSERT INTO compra VALUES("300","2020-12-07",NULL,NULL,NULL,"Valor Fixo","422.8","173",NULL,"200","Délio ",NULL,NULL);
INSERT INTO compra VALUES("301","2020-12-07",NULL,NULL,NULL,"Valor Fixo","112","174",NULL,"201","Di Do Salão",NULL,NULL);
INSERT INTO compra VALUES("302","2020-12-07",NULL,NULL,NULL,"Valor Fixo","214.9","175",NULL,"202","Daltiva ",NULL,NULL);
INSERT INTO compra VALUES("303","2020-12-07",NULL,NULL,NULL,"Valor Fixo","541.85","176",NULL,"203","Diane ( Délio ) ",NULL,NULL);
INSERT INTO compra VALUES("304","2020-12-07",NULL,NULL,NULL,"Valor Fixo","47.15","177",NULL,"204","Diu Roqueiro",NULL,NULL);
INSERT INTO compra VALUES("305","2020-12-07",NULL,NULL,NULL,"Valor Fixo","76.1","178",NULL,"205","Eliane De Jailson ",NULL,NULL);
INSERT INTO compra VALUES("306","2020-12-07",NULL,NULL,NULL,"Valor Fixo","23.9","179",NULL,"206","Emilia De Aniba ",NULL,NULL);
INSERT INTO compra VALUES("307","2020-12-07",NULL,NULL,NULL,"Valor Fixo","34","180",NULL,"207","Elza ( avó de Sara )",NULL,NULL);
INSERT INTO compra VALUES("308","2020-12-07",NULL,NULL,NULL,"Valor Fixo","339.15","181",NULL,"208","Eflinho ( Lavra )",NULL,NULL);
INSERT INTO compra VALUES("309","2020-12-07",NULL,NULL,NULL,"Valor Fixo","75.3","182",NULL,"209","Elizete ( Linda Modas )",NULL,NULL);
INSERT INTO compra VALUES("310","2020-12-07",NULL,NULL,NULL,"Valor Fixo","77.3","183",NULL,"210","Eva De Julieta ",NULL,NULL);
INSERT INTO compra VALUES("311","2020-12-07",NULL,NULL,NULL,"Valor Fixo","84.4","184",NULL,"211","Firmino ( Ouro-Fino )",NULL,NULL);
INSERT INTO compra VALUES("312","2020-12-07",NULL,NULL,NULL,"Valor Fixo","243.8","185",NULL,"212","Fátima ( Cunhada de Eliene )",NULL,NULL);
INSERT INTO compra VALUES("313","2020-12-07",NULL,NULL,NULL,"Valor Fixo","167.2","186",NULL,"213","Gilson De Zito",NULL,NULL);
INSERT INTO compra VALUES("314","2020-12-07",NULL,NULL,NULL,"Valor Fixo","146.15","187",NULL,"214","Geraldinha de Loi",NULL,NULL);
INSERT INTO compra VALUES("315","2020-12-07",NULL,NULL,NULL,"Valor Fixo","34","188",NULL,"215","Gilson Pintor ",NULL,NULL);
INSERT INTO compra VALUES("316","2020-12-07",NULL,NULL,NULL,"Valor Fixo","57.6","189",NULL,"216","Guina ( Mercearia )",NULL,NULL);
INSERT INTO compra VALUES("317","2020-12-07",NULL,NULL,NULL,"Valor Fixo","520.55","190",NULL,"217","Gilmaria ( Zé Nilo )",NULL,"1");
INSERT INTO compra VALUES("318","2020-12-07",NULL,NULL,NULL,"Valor Fixo","143","191",NULL,"218","Geise ( Vitalino )",NULL,NULL);
INSERT INTO compra VALUES("320","2020-12-07",NULL,NULL,NULL,"Valor Fixo","55.45","192",NULL,"219","Geise ( Trabalha em Paula )",NULL,NULL);
INSERT INTO compra VALUES("321","2020-12-07",NULL,NULL,NULL,"Valor Fixo","93","193",NULL,"220","Gilberto Gonçalves ",NULL,NULL);
INSERT INTO compra VALUES("322","2020-12-07",NULL,NULL,NULL,"Valor Fixo","35.8","194",NULL,"221","Geralda Mãe De Gilson ",NULL,NULL);
INSERT INTO compra VALUES("323","2020-12-07",NULL,NULL,NULL,"Valor Fixo","13.55","195",NULL,"222","Gorete ( Trabalha em Nenen )",NULL,NULL);
INSERT INTO compra VALUES("324","2020-12-07",NULL,NULL,NULL,"Valor Fixo","12.4","196",NULL,"223","Gilmaria ( Da Saude ) ",NULL,NULL);
INSERT INTO compra VALUES("325","2020-12-07",NULL,NULL,NULL,"Valor Fixo","30","195",NULL,"222","Gorete ( Trabalha em Nenen )",NULL,NULL);
INSERT INTO compra VALUES("326","2020-12-07",NULL,NULL,NULL,"Valor Fixo","71.6","197",NULL,"224","Helen ( Barra )",NULL,NULL);
INSERT INTO compra VALUES("327","2020-12-07","8","2000800020152","2.015","Carne de Porco","36.27","198","18","225","Jaelen ( Barra )",NULL,NULL);
INSERT INTO compra VALUES("328","2020-12-07","2","2000200020103","2.01","Carne de Boi 2","60.3","198","30","225","Jaelen ( Barra )",NULL,NULL);
INSERT INTO compra VALUES("329","2020-12-07",NULL,NULL,NULL,"Valor Fixo","33.9","199",NULL,"226","Ivana ",NULL,NULL);
INSERT INTO compra VALUES("330","2020-12-07",NULL,NULL,NULL,"Valor Fixo","264.8","200",NULL,"227","Israel ( Barra )",NULL,NULL);
INSERT INTO compra VALUES("331","2020-12-07",NULL,NULL,NULL,"Valor Fixo","40.3","201",NULL,"228","Isaura ( Mãe de Vanessa )",NULL,NULL);
INSERT INTO compra VALUES("332","2020-12-07",NULL,NULL,NULL,"Valor Fixo","104","202",NULL,"229","Jordana ",NULL,NULL);
INSERT INTO compra VALUES("333","2020-12-07",NULL,NULL,NULL,"Valor Fixo","188","203",NULL,"230","Jaisson ( pai de Jardel )",NULL,NULL);
INSERT INTO compra VALUES("334","2020-12-07",NULL,NULL,NULL,"Valor Fixo","19.5","204",NULL,"231","Joaquin ( morro Redondo )",NULL,NULL);
INSERT INTO compra VALUES("335","2020-12-07",NULL,NULL,NULL,"Valor Fixo","39.3","205",NULL,"232","José Dito Pacheco",NULL,NULL);
INSERT INTO compra VALUES("336","2020-12-07",NULL,NULL,NULL,"Valor Fixo","100","206",NULL,"233","Joaquin ( Binga )",NULL,NULL);
INSERT INTO compra VALUES("337","2020-12-07",NULL,NULL,NULL,"Valor Fixo","281","207",NULL,"234","Jair Taxista ",NULL,NULL);
INSERT INTO compra VALUES("338","2020-12-07",NULL,NULL,NULL,"Valor Fixo","116","208",NULL,"235","Janilton ",NULL,NULL);
INSERT INTO compra VALUES("339","2020-12-07",NULL,NULL,NULL,"Valor Fixo","122.55","209",NULL,"236","Jovelino ( Ouro-Fino )",NULL,NULL);
INSERT INTO compra VALUES("340","2020-12-07","8","2000800030007","3","Carne de Porco","54","210","18","237","Jailson Sete Canais",NULL,NULL);
INSERT INTO compra VALUES("344","2020-12-07",NULL,NULL,NULL,"Valor Fixo","47.9","211",NULL,"238","João Bosco ( Vereda )",NULL,NULL);
INSERT INTO compra VALUES("345","2020-12-07",NULL,NULL,NULL,"Valor Fixo","90.65","212",NULL,"239","Leandro Codó",NULL,NULL);
INSERT INTO compra VALUES("343","2020-12-07","9",NULL,"1","Pernil de Porco","15","210","15","237","Jailson Sete Canais",NULL,NULL);
INSERT INTO compra VALUES("346","2020-12-07",NULL,NULL,NULL,"Valor Fixo","75.5","213",NULL,"240","Lurdinha de Pelé",NULL,NULL);
INSERT INTO compra VALUES("347","2020-12-07",NULL,NULL,NULL,"Valor Fixo","39","214",NULL,"241","Lia De Gerson ",NULL,NULL);
INSERT INTO compra VALUES("348","2020-12-07",NULL,NULL,NULL,"Valor Fixo","128","215",NULL,"242","Luzia mãe de Liu",NULL,NULL);
INSERT INTO compra VALUES("349","2020-12-07",NULL,NULL,NULL,"Valor Fixo","104.4","216",NULL,"243","Leis ( Barra )",NULL,NULL);
INSERT INTO compra VALUES("350","2020-12-07",NULL,NULL,NULL,"Valor Fixo","29.5","217",NULL,"244","Larisse",NULL,NULL);
INSERT INTO compra VALUES("351","2020-12-07",NULL,NULL,NULL,"Valor Fixo","46.05","218",NULL,"245","Lavra Aidinho ",NULL,NULL);
INSERT INTO compra VALUES("352","2020-12-07",NULL,NULL,NULL,"Valor Fixo","194.4","219",NULL,"246","Marcelo ( Inacinho )",NULL,NULL);
INSERT INTO compra VALUES("353","2020-12-07",NULL,NULL,NULL,"Valor Fixo","48","220",NULL,"247","Maria Eva",NULL,NULL);
INSERT INTO compra VALUES("354","2020-12-07",NULL,NULL,NULL,"Valor Fixo","360.3","221",NULL,"248","Meire Mutuca",NULL,NULL);
INSERT INTO compra VALUES("355","2020-12-07",NULL,NULL,NULL,"Valor Fixo","43.8","222",NULL,"249","Mussu ( Barra )",NULL,NULL);
INSERT INTO compra VALUES("356","2020-12-07",NULL,NULL,NULL,"Valor Fixo","294.9","223",NULL,"250","Marquinho De Jomar",NULL,NULL);
INSERT INTO compra VALUES("357","2020-12-07",NULL,NULL,NULL,"Valor Fixo","19","224",NULL,"251","Maria De Celso ( Barra )",NULL,NULL);
INSERT INTO compra VALUES("358","2020-12-07",NULL,NULL,NULL,"Valor Fixo","39.95","225",NULL,"252","Marquin do Granito",NULL,NULL);
INSERT INTO compra VALUES("359","2020-12-07",NULL,NULL,NULL,"Valor Fixo","29","226",NULL,"253","Maria Isabel ( mãe de Salete )",NULL,NULL);
INSERT INTO compra VALUES("360","2020-12-07",NULL,NULL,NULL,"Valor Fixo","135.7","227",NULL,"254","Maria Helena Murta",NULL,NULL);
INSERT INTO compra VALUES("361","2020-12-07",NULL,NULL,NULL,"Valor Fixo","140.8","228",NULL,"255","Marinésia ",NULL,NULL);
INSERT INTO compra VALUES("362","2020-12-07",NULL,NULL,NULL,"Valor Fixo","337.95","229",NULL,"256","Maurinho ",NULL,NULL);
INSERT INTO compra VALUES("363","2020-12-07",NULL,NULL,NULL,"Valor Fixo","151.35","230",NULL,"257","Maria Antonia ( Alagadiço )",NULL,NULL);
INSERT INTO compra VALUES("364","2020-12-07",NULL,NULL,NULL,"Valor Fixo","171.6","231",NULL,"258","Maurino ( Barra )",NULL,NULL);
INSERT INTO compra VALUES("365","2020-12-07",NULL,NULL,NULL,"Valor Fixo","536.15","232",NULL,"259","Mirú Casa",NULL,NULL);
INSERT INTO compra VALUES("366","2020-12-07",NULL,NULL,NULL,"Valor Fixo","141","233",NULL,"260","Mario Eletricista ",NULL,NULL);
INSERT INTO compra VALUES("367","2020-12-07",NULL,NULL,NULL,"Valor Fixo","133.2","234",NULL,"261","Maria De Zezinho",NULL,NULL);
INSERT INTO compra VALUES("368","2020-12-07",NULL,NULL,NULL,"Valor Fixo","45","235",NULL,"262","Maria Luiza ( Ouro-Fino )",NULL,NULL);
INSERT INTO compra VALUES("369","2020-12-07",NULL,NULL,NULL,"Valor Fixo","178","236",NULL,"263","Mirú Lavra ",NULL,NULL);
INSERT INTO compra VALUES("370","2020-12-07",NULL,NULL,NULL,"Valor Fixo","20.7","237",NULL,"264","Manoel Rocha ",NULL,NULL);
INSERT INTO compra VALUES("371","2020-12-07",NULL,NULL,NULL,"Valor Fixo","1.5","238",NULL,"265","Nilania ( Ouro-Fino )",NULL,NULL);
INSERT INTO compra VALUES("372","2020-12-07",NULL,NULL,NULL,"Valor Fixo","45.1","239",NULL,"266","Nen de Ná",NULL,NULL);
INSERT INTO compra VALUES("373","2020-12-07",NULL,NULL,NULL,"Valor Fixo","71.9","240",NULL,"267","Nega ( Cunhada de Yuri )",NULL,NULL);
INSERT INTO compra VALUES("374","2020-12-07",NULL,NULL,NULL,"Valor Fixo","107.35","241",NULL,"268","Neia de Marcinho ( Barra )",NULL,NULL);
INSERT INTO compra VALUES("375","2020-12-07",NULL,NULL,NULL,"Valor Fixo","40.3","242",NULL,"269","Nenê de Severo",NULL,NULL);
INSERT INTO compra VALUES("376","2020-12-07",NULL,NULL,NULL,"Valor Fixo","306.9","243",NULL,"270","Neuza Matias ",NULL,NULL);
INSERT INTO compra VALUES("377","2020-12-07",NULL,NULL,NULL,"Valor Fixo","41.8","244",NULL,"271","Negão de Tainha ",NULL,NULL);
INSERT INTO compra VALUES("378","2020-12-07",NULL,NULL,NULL,"Valor Fixo","235.1","245",NULL,"272","Niu Marques ",NULL,NULL);
INSERT INTO compra VALUES("379","2020-12-07",NULL,NULL,NULL,"Valor Fixo","120.1","246",NULL,"273","Nenen ( Irmã de Tião )",NULL,NULL);
INSERT INTO compra VALUES("380","2020-12-07",NULL,NULL,NULL,"Valor Fixo","54","247",NULL,"274","Nicassia ( Barra )",NULL,NULL);
INSERT INTO compra VALUES("381","2020-12-07",NULL,NULL,NULL,"Valor Fixo","84.9","248",NULL,"275","Odilia ( mãe de Peu )",NULL,NULL);
INSERT INTO compra VALUES("382","2020-12-07",NULL,NULL,NULL,"Valor Fixo","83.25","249",NULL,"276","Osvaldo ( Nely)",NULL,NULL);
INSERT INTO compra VALUES("383","2020-12-07",NULL,NULL,NULL,"Valor Fixo","44.7","250",NULL,"277","Odorico Kinha ",NULL,NULL);
INSERT INTO compra VALUES("384","2020-12-07",NULL,NULL,NULL,"Valor Fixo","30","251",NULL,"278","Passos",NULL,NULL);
INSERT INTO compra VALUES("385","2020-12-07",NULL,NULL,NULL,"Valor Fixo","49","252",NULL,"279","Pissuca ",NULL,NULL);
INSERT INTO compra VALUES("386","2020-12-07",NULL,NULL,NULL,"Valor Fixo","33","253",NULL,"280","Peu de Adão",NULL,NULL);
INSERT INTO compra VALUES("387","2020-12-07",NULL,NULL,NULL,"Valor Fixo","138.6","254",NULL,"281","Peu ( Inacinho )",NULL,NULL);
INSERT INTO compra VALUES("388","2020-12-07",NULL,NULL,NULL,"Valor Fixo","189.5","255",NULL,"282","Paulinho ( Pedreiro )",NULL,NULL);
INSERT INTO compra VALUES("389","2020-12-07",NULL,NULL,NULL,"Valor Fixo","237.1","256",NULL,"283","Rita ( mãe de Gil )",NULL,NULL);
INSERT INTO compra VALUES("390","2020-12-07",NULL,NULL,NULL,"Valor Fixo","168.65","257",NULL,"284","Rosieide ( Bob )",NULL,NULL);
INSERT INTO compra VALUES("391","2020-12-07",NULL,NULL,NULL,"Valor Fixo","52.8","258",NULL,"285","Rafa ( Lufe )",NULL,NULL);
INSERT INTO compra VALUES("392","2020-12-07",NULL,NULL,NULL,"Valor Fixo","143.8","259",NULL,"286","Reginaldo ( Pé da Serra )",NULL,NULL);
INSERT INTO compra VALUES("393","2020-12-07",NULL,NULL,NULL,"Valor Fixo","108.05","260",NULL,"287","Sinhor  ( Neique )",NULL,NULL);
INSERT INTO compra VALUES("394","2020-12-07",NULL,NULL,NULL,"Valor Fixo","126.8","261",NULL,"288","Sonia ( Mãe de Cleia )",NULL,"1");
INSERT INTO compra VALUES("395","2020-12-07",NULL,NULL,NULL,"Valor Fixo","289.6","262",NULL,"289","Socorro ( mãe de Nivea )",NULL,NULL);
INSERT INTO compra VALUES("396","2020-12-07",NULL,NULL,NULL,"Valor Fixo","207.3","263",NULL,"290","Sebastiana Caldeira ",NULL,NULL);
INSERT INTO compra VALUES("397","2020-12-07",NULL,NULL,NULL,"Valor Fixo","90","264",NULL,"291","Tô",NULL,NULL);
INSERT INTO compra VALUES("398","2020-12-07",NULL,NULL,NULL,"Valor Fixo","19.2","265",NULL,"292","Tozinho ",NULL,NULL);
INSERT INTO compra VALUES("399","2020-12-07",NULL,NULL,NULL,"Valor Fixo","129.2","266",NULL,"293","Tereza de Zequeinha ",NULL,NULL);
INSERT INTO compra VALUES("400","2020-12-07",NULL,NULL,NULL,"Valor Fixo","103.85","267",NULL,"294","Ticon",NULL,NULL);
INSERT INTO compra VALUES("401","2020-12-07",NULL,NULL,NULL,"Valor Fixo","340.25","268",NULL,"295","Tina",NULL,"1");
INSERT INTO compra VALUES("402","2020-12-07",NULL,NULL,NULL,"Valor Fixo","15","269",NULL,"296","Tereza ( Jacutinga ) ",NULL,NULL);
INSERT INTO compra VALUES("403","2020-12-07",NULL,NULL,NULL,"Valor Fixo","104","270",NULL,"297","Tutilane ",NULL,NULL);
INSERT INTO compra VALUES("404","2020-12-07",NULL,NULL,NULL,"Valor Fixo","86.95","271",NULL,"298","Tio Leo ",NULL,NULL);
INSERT INTO compra VALUES("405","2020-12-07",NULL,NULL,NULL,"Valor Fixo","75.25","272",NULL,"299","Tião Crente ",NULL,NULL);
INSERT INTO compra VALUES("406","2020-12-07",NULL,NULL,NULL,"Valor Fixo","152","273",NULL,"300","Tico ( Vereador )",NULL,NULL);
INSERT INTO compra VALUES("407","2020-12-07",NULL,NULL,NULL,"Valor Fixo","440.7","274",NULL,"301","Tú de Lopeu",NULL,NULL);
INSERT INTO compra VALUES("408","2020-12-07",NULL,NULL,NULL,"Valor Fixo","124.45","275",NULL,"302","Vera Jardim",NULL,NULL);
INSERT INTO compra VALUES("409","2020-12-07",NULL,NULL,NULL,"Valor Fixo","89.45","276",NULL,"303","vieley de Vila",NULL,NULL);
INSERT INTO compra VALUES("410","2020-12-07","14",NULL,"2.7","Pezinho de Porco","32.4","277","12","304","Vitor Restaurante ",NULL,NULL);
INSERT INTO compra VALUES("411","2020-12-07",NULL,NULL,NULL,"Valor Fixo","44.7","278",NULL,"305","Vanderley ",NULL,NULL);
INSERT INTO compra VALUES("412","2020-12-07",NULL,NULL,NULL,"Valor Fixo","90.4","279",NULL,"306","Valmir de Dona Lora",NULL,NULL);
INSERT INTO compra VALUES("413","2020-12-07",NULL,NULL,NULL,"Valor Fixo","171.5","280",NULL,"307","Vilsão ",NULL,NULL);
INSERT INTO compra VALUES("414","2020-12-07",NULL,NULL,NULL,"Valor Fixo","65","281",NULL,"308","Vadin ( Pai de Daniela )",NULL,NULL);
INSERT INTO compra VALUES("415","2020-12-07",NULL,NULL,NULL,"Valor Fixo","496","282",NULL,"309","Yuri ",NULL,NULL);
INSERT INTO compra VALUES("416","2020-12-07",NULL,NULL,NULL,"Valor Fixo","56.3","283",NULL,"310","Weltinho ( Tio de Douglas )",NULL,NULL);
INSERT INTO compra VALUES("417","2020-12-07",NULL,NULL,NULL,"Valor Fixo","304.55","284",NULL,"311","Leomar De Waldeir",NULL,NULL);
INSERT INTO compra VALUES("418","2020-12-07",NULL,NULL,NULL,"Valor Fixo","75","285",NULL,"312","Wilson Jacutinga ",NULL,NULL);
INSERT INTO compra VALUES("419","2020-12-07",NULL,NULL,NULL,"Valor Fixo","344.15","286",NULL,"313","Zeu ",NULL,NULL);
INSERT INTO compra VALUES("420","2020-12-07",NULL,NULL,NULL,"Valor Fixo","59.8","287",NULL,"314","Zé de Acácio ",NULL,NULL);
INSERT INTO compra VALUES("421","2020-12-07",NULL,NULL,NULL,"Valor Fixo","248.45","288",NULL,"315","Zeka",NULL,NULL);
INSERT INTO compra VALUES("422","2020-12-07",NULL,NULL,NULL,"Valor Fixo","75.7","289",NULL,"316","Zé Matão",NULL,NULL);
INSERT INTO compra VALUES("423","2020-12-07",NULL,NULL,NULL,"Valor Fixo","25","290",NULL,"317","Zaia ",NULL,NULL);
INSERT INTO compra VALUES("424","2020-12-07",NULL,NULL,NULL,"Valor Fixo","31.5","291",NULL,"318","Zú ( Mãe de Gilberto )",NULL,NULL);
INSERT INTO compra VALUES("425","2020-12-07",NULL,NULL,NULL,"Valor Fixo","50.3","292",NULL,"319","Zé do Alagadiço ",NULL,NULL);
INSERT INTO compra VALUES("426","2020-12-07",NULL,NULL,NULL,"Valor Fixo","98","293",NULL,"320","Zetinha",NULL,NULL);
INSERT INTO compra VALUES("427","2020-12-07",NULL,NULL,NULL,"Valor Fixo","28","294",NULL,"321","Zé de Toto",NULL,NULL);
INSERT INTO compra VALUES("428","2020-12-07",NULL,NULL,NULL,"Valor Fixo","98.8","295",NULL,"322","Zoraide ",NULL,NULL);
INSERT INTO compra VALUES("429","2020-12-07",NULL,NULL,NULL,"Valor Fixo","225.5","296",NULL,"323","Zezinho ( Virgem da Lapa )",NULL,"1");
INSERT INTO compra VALUES("430","2020-12-07",NULL,NULL,NULL,"Valor Fixo","40","297",NULL,"324","Zé Preto ( Pai de Augusto )",NULL,NULL);
INSERT INTO compra VALUES("431","2020-12-07",NULL,NULL,NULL,"Valor Fixo","90.35","298",NULL,"325","Zé de Rebeldino ",NULL,"1");
INSERT INTO compra VALUES("432","2020-12-07",NULL,NULL,NULL,"Valor Fixo","27.35","299",NULL,"326","Zé De Kelé",NULL,NULL);
INSERT INTO compra VALUES("433","2020-12-07","8","2000800030557","3.055","Carne de Porco","54.99",NULL,"18",NULL,NULL,NULL,"1");
INSERT INTO compra VALUES("434","2020-12-07","11","2001100006853","0.685","Toucinho","6.85",NULL,"10",NULL,NULL,NULL,"1");
INSERT INTO compra VALUES("435","2020-12-07","11","2001100053802","5.38","Toucinho","53.8",NULL,"10",NULL,NULL,NULL,"1");
INSERT INTO compra VALUES("437","2020-12-07","14","2001400031050","3.105","Pezinho de Porco","37.26","277","12","304","Vitor Restaurante ",NULL,NULL);
INSERT INTO compra VALUES("438","2020-12-07",NULL,NULL,NULL,"Valor Fixo","21.6","256",NULL,"283","Rita ( mãe de Gil )",NULL,NULL);
INSERT INTO compra VALUES("439","2020-12-07","9",NULL,"1","Pernil de Porco","15",NULL,"15",NULL,NULL,NULL,"1");
INSERT INTO compra VALUES("440","2020-12-07","11","2001100010157","1.015","Toucinho","10.15",NULL,"10",NULL,NULL,NULL,"1");
INSERT INTO compra VALUES("441","2020-12-07","2","2000200030409","3.04","Carne de Boi 2","91.2","300","30","327","Guin do Bar",NULL,NULL);
INSERT INTO compra VALUES("442","2020-12-07","8","2000800030007","3","Carne de Porco","54","300","18","327","Guin do Bar",NULL,NULL);
INSERT INTO compra VALUES("443","2020-12-07","9",NULL,"1","Pernil de Porco","15","300","15","327","Guin do Bar",NULL,NULL);
INSERT INTO compra VALUES("444","2020-12-07","6","2000600014955","1.495","Lombo de Porco","28.405",NULL,"19",NULL,NULL,NULL,"1");
INSERT INTO compra VALUES("445","2020-12-07","9",NULL,"1","Pernil de Porco","15",NULL,"15",NULL,NULL,NULL,"1");
INSERT INTO compra VALUES("446","2020-12-07","11","2001100052652","5.265","Toucinho","52.65","298","10","328","Zé de Rebeldino ",NULL,NULL);
INSERT INTO compra VALUES("447","2020-12-07","11","2001100005009","0.5","Toucinho","5",NULL,"10",NULL,NULL,NULL,"1");
INSERT INTO compra VALUES("448","2020-12-07","11","2001100013707","1.37","Toucinho","13.7",NULL,"10",NULL,NULL,NULL,"1");
INSERT INTO compra VALUES("449","2020-12-07","10",NULL,"1","Suan de Porco","30",NULL,"30",NULL,NULL,NULL,"1");
INSERT INTO compra VALUES("450","2020-12-07","7","2000700015500","1.55","Costelinha de Porco","29.45",NULL,"19",NULL,NULL,NULL,"1");
INSERT INTO compra VALUES("451","2020-12-08",NULL,NULL,NULL,"Valor Fixo","7","164",NULL,"191","Cida Mãe de Hilma ",NULL,NULL);
INSERT INTO compra VALUES("452","2020-12-08","2","2000200030003","3","Carne de Boi 2","90",NULL,"30",NULL,NULL,NULL,"1");
INSERT INTO compra VALUES("453","2020-12-08","8","2000800010351","1.035","Carne de Porco","18.63",NULL,"18",NULL,NULL,NULL,"1");
INSERT INTO compra VALUES("454","2020-12-08","6","2000600010100","1.01","Lombo de Porco","19.19",NULL,"19",NULL,NULL,NULL,"1");
INSERT INTO compra VALUES("455","2020-12-08","15","2001500008808","0.88","Linguiça Caseira","20.24",NULL,"23",NULL,NULL,NULL,"1");
INSERT INTO compra VALUES("456","2020-12-08","7","2000700010659","1.065","Costelinha de Porco","20.235",NULL,"19",NULL,NULL,NULL,"1");
INSERT INTO compra VALUES("457","2020-12-08","2","2000200010159","1.015","Carne de Boi 2","30.45","268","30","329","Tina",NULL,NULL);
INSERT INTO compra VALUES("458","2020-12-08","7","2000700021600","2.16","Costelinha de Porco","41.04",NULL,"19",NULL,NULL,NULL,"1");
INSERT INTO compra VALUES("459","2020-12-08","11","2001100020002","2","Toucinho","20",NULL,"10",NULL,NULL,NULL,"1");
INSERT INTO compra VALUES("460","2020-12-08","7","2000700010055","1.005","Costelinha de Porco","19.095",NULL,"19",NULL,NULL,NULL,"1");
INSERT INTO compra VALUES("461","2020-12-08","17","2001700002200","0.22","Linguiça Flip","5.17",NULL,"23.5",NULL,NULL,NULL,"1");
INSERT INTO compra VALUES("462","2020-12-08","16","2001600002300","0.23","Linguiça Calabresa","5.06",NULL,"22",NULL,NULL,NULL,"1");
INSERT INTO compra VALUES("463","2020-12-08","8","2000800020008","2","Carne de Porco","36",NULL,"18",NULL,NULL,NULL,"1");
INSERT INTO compra VALUES("464","2020-12-08","8","2000800008501","0.85","Carne de Porco","15.3",NULL,"18",NULL,NULL,NULL,"1");
INSERT INTO compra VALUES("465","2020-12-08","11","2001100010003","1","Toucinho","10",NULL,"10",NULL,NULL,NULL,"1");
INSERT INTO compra VALUES("466","2020-12-08","7","2000700010000","1","Costelinha de Porco","19","301","19","331","Tim de Preto",NULL,NULL);
INSERT INTO compra VALUES("467","2020-12-08","8","2000800008358","0.835","Carne de Porco","15.03",NULL,"18",NULL,NULL,NULL,"1");
INSERT INTO compra VALUES("468","2020-12-08",NULL,NULL,NULL,"Valor Fixo","270.55","190",NULL,"332","Gilmaria ( Zé Nilo )",NULL,NULL);
INSERT INTO compra VALUES("469","2020-12-08","9",NULL,"10","Pernil de Porco","150",NULL,"15",NULL,NULL,NULL,"1");
INSERT INTO compra VALUES("470","2020-12-08","2","2000200015208","1.52","Carne de Boi 2","45.6","175","30","202","Daltiva ",NULL,NULL);
INSERT INTO compra VALUES("471","2020-12-08",NULL,NULL,NULL,"Valor Fixo","38.6","302",NULL,"333","Lucelia ( Mãe de Janser )",NULL,NULL);
INSERT INTO compra VALUES("474","2020-12-08","7","2000700030008","3","Costelinha de Porco","57","296","19","334","Zezinho ( Virgem da Lapa )",NULL,NULL);
INSERT INTO compra VALUES("475","2020-12-08","2","2000200031208","3.12","Carne de Boi 2","93.6","296","30","334","Zezinho ( Virgem da Lapa )",NULL,NULL);
INSERT INTO compra VALUES("476","2020-12-08","8","2000800020152","2.015","Carne de Porco","36.27","303","18","335","Geraldo Vereador",NULL,NULL);
INSERT INTO compra VALUES("477","2020-12-08","13","2001300020758","2.075","Barriga de Porco","31.125","303","15","335","Geraldo Vereador",NULL,NULL);
INSERT INTO compra VALUES("478","2020-12-08","21","2002100020450","2.045","Frango","19.8365","303","9.7","335","Geraldo Vereador",NULL,NULL);
INSERT INTO compra VALUES("479","2020-12-08","6","2000600021151","2.115","Lombo de Porco","40.185",NULL,"19",NULL,NULL,NULL,"1");
INSERT INTO compra VALUES("483","2020-12-08","29","2002900010156","1.015","Capa De Costela","24.36",NULL,"24",NULL,NULL,NULL,"1");
INSERT INTO compra VALUES("482","2020-12-08","6","2000600020109","2.01","Lombo de Porco","38.19",NULL,"19",NULL,NULL,NULL,"1");
INSERT INTO compra VALUES("484","2020-12-08","6","2000600010353","1.035","Lombo de Porco","19.665",NULL,"19",NULL,NULL,NULL,"1");
INSERT INTO compra VALUES("485","2020-12-08","7","2000700011755","1.175","Costelinha de Porco","22.325",NULL,"19",NULL,NULL,NULL,"1");
INSERT INTO compra VALUES("488","2020-12-08","2","2000200014553","1.455","Carne de Boi 2","43.65","178","30","205","Eliane De Jailson ",NULL,NULL);
INSERT INTO compra VALUES("489","2020-12-08","7","2000700012851","1.285","Costelinha de Porco","24.415","178","19","205","Eliane De Jailson ",NULL,NULL);
INSERT INTO compra VALUES("490","2020-12-08","8","2000800015004","1.5","Carne de Porco","27","304","18","336","Leandro ( Talita )",NULL,"1");
INSERT INTO compra VALUES("491","2020-12-08","7","2000700015302","1.53","Costelinha de Porco","29.07","304","19","336","Leandro ( Talita )",NULL,"1");
INSERT INTO compra VALUES("492","2020-12-08","11","2001100010751","1.075","Toucinho","10.75",NULL,"10",NULL,NULL,NULL,"1");
INSERT INTO compra VALUES("493","2020-12-11","136",NULL,"1","Carvão","7.5",NULL,"7.5",NULL,NULL,NULL,"1");
INSERT INTO compra VALUES("494","2020-12-11","1",NULL,"1","Carne de Boi 1","32",NULL,"32",NULL,NULL,NULL,"1");
INSERT INTO compra VALUES("497","2020-12-11","11","2001100018351","1.835","Toucinho","18.35",NULL,"10",NULL,NULL,NULL,"1");
INSERT INTO compra VALUES("496","2020-12-11","1","31",NULL,"Carne de Boi 1",NULL,NULL,"32",NULL,NULL,NULL,"1");
INSERT INTO compra VALUES("498","2020-12-11","11","2001100018351","1.835","Toucinho","18.35",NULL,"10",NULL,NULL,NULL,"1");
INSERT INTO compra VALUES("499","2020-12-11","1",NULL,"1","Carne de Boi 1","32",NULL,"32",NULL,NULL,NULL,"1");
INSERT INTO compra VALUES("500","2020-12-11","1",NULL,"1","Carne de Boi 1","32",NULL,"32",NULL,NULL,NULL,"1");
INSERT INTO compra VALUES("501","2020-12-11","5",NULL,"2","Costela de Boi","30",NULL,"15",NULL,NULL,NULL,"1");
INSERT INTO compra VALUES("502","2020-12-11","4",NULL,"6","Dobradinha","120","304","20","336","Leandro ( Talita )",NULL,"1");
INSERT INTO compra VALUES("503","2020-12-11","7",NULL,"4","Costelinha de Porco","76","304","19","336","Leandro ( Talita )",NULL,"1");
INSERT INTO compra VALUES("505","2020-12-11","18",NULL,"0.327","Linguiça Suína","6.78525",NULL,"20.75",NULL,NULL,NULL,"1");
INSERT INTO compra VALUES("504","2020-12-11","18",NULL,"0.3","Linguiça Suína","6.225",NULL,"20.75",NULL,NULL,NULL,"1");
INSERT INTO compra VALUES("506","2020-12-11","11",NULL,"0.65","Toucinho","6.5",NULL,"10",NULL,NULL,NULL,"1");
INSERT INTO compra VALUES("510","2020-12-14","22",NULL,"1","Asa de Frango Pacote","18.6",NULL,"18.6",NULL,NULL,NULL,"1");
INSERT INTO compra VALUES("516","2020-12-21","13",NULL,"0.45","Barriga de Porco","6.75",NULL,"15",NULL,NULL,"1","1");


DROP TABLE IF EXISTS produto;

CREATE TABLE `produto` (
  `id_produto` int(10) NOT NULL AUTO_INCREMENT,
  `nome_produto` varchar(100) COLLATE latin1_general_ci NOT NULL,
  `preco_unidade` float NOT NULL,
  `estoque_atual` float NOT NULL,
  `produto_unitario` int(11) DEFAULT 0,
  PRIMARY KEY (`id_produto`)
) ENGINE=MyISAM AUTO_INCREMENT=139 DEFAULT CHARSET=latin1 COLLATE=latin1_general_ci;

INSERT INTO produto VALUES("11","Toucinho","10","42.39",NULL);
INSERT INTO produto VALUES("134","Suan de Porco","30","1","1");
INSERT INTO produto VALUES("133","Pernil de Porco","15","2","1");
INSERT INTO produto VALUES("8","Carne de Porco","18","89.69",NULL);
INSERT INTO produto VALUES("7","Costelinha de Porco","19","28.23",NULL);
INSERT INTO produto VALUES("6","Lombo de Porco","19","38.335",NULL);
INSERT INTO produto VALUES("5","Costela de Boi","15",NULL,NULL);
INSERT INTO produto VALUES("4","Dobradinha","20",NULL,NULL);
INSERT INTO produto VALUES("3","Carne de Sol","28",NULL,NULL);
INSERT INTO produto VALUES("2","Carne de Boi 2","30","4",NULL);
INSERT INTO produto VALUES("1","Carne de Boi 1","32",NULL,NULL);
INSERT INTO produto VALUES("12","Tripa de Porco","10",NULL,NULL);
INSERT INTO produto VALUES("13","Barriga de Porco","15","3.39",NULL);
INSERT INTO produto VALUES("14","Pezinho de Porco","12","1.84",NULL);
INSERT INTO produto VALUES("25","Peito de Frango Pacote","8.5",NULL,NULL);
INSERT INTO produto VALUES("15","Linguiça Caseira","23",NULL,NULL);
INSERT INTO produto VALUES("16","Linguiça Calabresa","22",NULL,NULL);
INSERT INTO produto VALUES("17","Linguiça Flip","23.5",NULL,NULL);
INSERT INTO produto VALUES("18","Linguiça Suína","20.75",NULL,NULL);
INSERT INTO produto VALUES("19","Linguiça de Pernil","20.75",NULL,NULL);
INSERT INTO produto VALUES("20","Linguiça de Frango","20.75",NULL,NULL);
INSERT INTO produto VALUES("21","Frango","9.7",NULL,NULL);
INSERT INTO produto VALUES("22","Asa de Frango Pacote","18.6",NULL,NULL);
INSERT INTO produto VALUES("137","Peito de frango bandeja","15",NULL,"1");
INSERT INTO produto VALUES("26","Moela de frango","11",NULL,NULL);
INSERT INTO produto VALUES("27","Coxa S/ Coxa","8.3",NULL,NULL);
INSERT INTO produto VALUES("28","Picanha ","45",NULL,NULL);
INSERT INTO produto VALUES("29","Capa De Costela","24",NULL,NULL);
INSERT INTO produto VALUES("30","Picanha Argentina ","80",NULL,NULL);
INSERT INTO produto VALUES("135","Pinga ","13",NULL,"1");
INSERT INTO produto VALUES("136","Carvão","7.5",NULL,"1");
INSERT INTO produto VALUES("33","Banha","7",NULL,NULL);


